Keyword,Language,Username,Location,Hashtags,Fulltext,Create at,Sentiment,Totalretweet,Totalfavorite
Valorant,en,luridum_,The Workshop,[],[VTUBER] Can we chill in Valorant? Fade Gameplay. Just gaming some Comp. Come see me be bad or good? https://t.co/E3myxewyAy,05/03/2022,positive,3,6
Valorant,en,TM8kr,"Michigan, USA",[],We are live!!! Valorant grind tonight come relax and enjoy watching me get my butt kicked!! https://t.co/4jk0zYMYV4,05/03/2022,positive,3,3
Valorant,en,vandyvr_,"Toronto, Ontario",[],any valorant gamers? bronze 2,05/03/2022,neutral,0,1
Valorant,en,womblelive,she/they,[],Live wishing I was good at valorant https://t.co/pYz7y6CoEY,05/03/2022,positive,0,1
Valorant,en,mitchistwisted,,[],"Let's start a Riot... Valorant and League today!

https://t.co/lfDKtYr6Of",05/03/2022,neutral,0,1
Valorant,en,Ookami_Zante,"Nova Scotia, Canada",[],"@catiescos Anime bro, I don't got a pc for Valorant.",05/03/2022,neutral,0,16
Valorant,en,ch7xx,,"['valorant', 'valo']",Need 1 bronze/silver :c #valorant #valo,05/03/2022,negative,0,2
Valorant,en,DepressedTeruo,,[],@F1LTHYPUP playing valorant hi love &lt;3,05/03/2022,positive,0,0
Valorant,en,Carrieonacloud,,['VALORANT'],Man I love valo🥹 #VALORANT https://t.co/5lVg7wVFZO,05/03/2022,positive,1,8
Valorant,en,LumaThe1andonly,,[],"@Krylliax @EchoFlexx ummm my guy, do you think OW is the only game that goes through severe reduction in views after drop events and shit? Fortnite had like 2.5M viewers at one point because of an event announcement and their regular views are a fraction of that. Same with Valorant.",05/03/2022,negative,0,1
Valorant,en,jayy_bluu,Your mum ,[],Valorant With Friends! https://t.co/TDk93eQNQa,05/03/2022,neutral,0,5
Valorant,en,yessirjacko,,['valorant'],does rgx 2.0 gun buddy work with rgx vandal? #valorant,05/03/2022,neutral,0,1
Valorant,en,YourBoyTofu,,"['VALORANT', 'smallstreamer', 'BigEnergy', 'LiveOnTwitch', 'SmallStreamersConnect', 'smallstreamersupport']","🔴Forget 23, Nobody Likes Me Now

A little #VALORANT that may or may not contain @thealpacababy today. https://t.co/DyJxDIRaYm

#smallstreamer #BigEnergy #LiveOnTwitch #SmallStreamersConnect #smallstreamersupport https://t.co/bzHE20F9y4",05/03/2022,negative,0,4
Valorant,en,RurouniRichard,🐔🐵,[],valorant has rotted my brain,05/03/2022,neutral,0,0
Valorant,en,itslogos,,[],"@JakeSucky @fullsquadgaming Come to Charlotte, NC and visit us at Level Up Esports!

A premier Youth Esports team, like a competitive sports team &amp; facility, but for gamers👀

We have teams of kids age 8-15 competing in a national league in Fortnite, Overwatch, Valorant, and more🔥

https://t.co/DlCoWJeEQN",05/03/2022,neutral,0,5
Valorant,en,bobabaejay,,[],valorant is now just a solo game for me bc everyone has decided that they r too good to play w me but thats okay nothing new back to the basics,05/03/2022,positive,0,0
Valorant,en,GothKitty98,,[],did valorant decide to throw me in all the toxic lobbies today as a test or what Bc imma be comms banned by the end of this,05/03/2022,neutral,0,2
Valorant,en,fgcLefty,"Austin, TX",[],My confidence in Valorant is coming back thank god.,05/03/2022,neutral,0,3
Valorant,en,Luckyzxz,,"['Valorant', 'ValorantClips']","Compilation from recent games :)
#Valorant #ValorantClips https://t.co/aOg5aD1Mdw",05/03/2022,positive,0,2
Valorant,en,EU__SX,,[],@seasonalchungus Valorant is confusing,05/03/2022,negative,0,1
Valorant,en,jburgerstv,,[],Nice little 3k in valorant https://t.co/8T0MDbpOcl,05/03/2022,positive,0,0
Valorant,en,valorantaways,,"['GIVEAWAY', 'VALORANT']","VALORANT RGX 11Z PRO 2 BUNDLE GIVEAWAY

#GIVEAWAY #VALORANT

To Enter:
✅Follow @karmyvl 
❤️Like &amp;♻️Retweet
🗣️Tag 2 Person

ENDS 05/05/2022
Good Luck Everyone https://t.co/9brhBnmB0p",05/03/2022,positive,58,58
Valorant,en,rPariahh,Narnia,[],"@GhostGaming Apex, cod, valorant, idk.. I do a lot but don’t make content cause it’s saturated and I didn’t have the income and time to do it",05/03/2022,neutral,0,0
Valorant,en,1Mperfection_,Quezon City,[],"https://t.co/hqhbwv67ln

Actually the reason why i uninstalled, I got 175 ping. Valorant occupies 1TB of my 256GB SSD and it crashed for like 10x+ time",05/03/2022,neutral,0,0
Valorant,en,NaraeTenshi,Tenshi Estate,[],"https://t.co/F7Wou1xfSW
[Valorant - Comp] Yes this is a click bait. No I am not play ranked... or am I?",05/03/2022,neutral,2,4
Valorant,en,BradleyMackill2,California ,[],@MrSquirtle_23 @axvertious @Sentinels so whose the most watched valorant player/streamer. Who has the most subs/followers who plays valorant. Who also get the most collabs from people outside of the valorant stream that’s right tenz.,05/03/2022,positive,0,0
Valorant,en,rfloufi,In the 4th dimension,[],"@alphaINTEL Respawn will stop to be lazy and greedy this new season? Will we get a nextgen console update with 120hz,cross progression,revamped firing range mode,uncapped level 500,more little buffs or rework ? Reactive camos during events like cod valorant and not normal skins full price ?",05/03/2022,negative,0,0
Valorant,en,ProdCemi,World Wide,"['valorant', 'twitch']",We Here #valorant #twitch https://t.co/vw6DH8pPWh,05/03/2022,neutral,0,0
Valorant,en,ItsLuvely_,,[],Valorant.... but I keep dying  https://t.co/sOI5AdVfFg,05/03/2022,neutral,0,0
Valorant,en,CinnamonApp1e,,[],"Going live, play Valorant.

https://t.co/ANdHDr2klO",05/03/2022,positive,0,0
Valorant,en,dnfaint,virgo | she/her ♀• 15 ~ ISTJ,[],valorant hates me,05/03/2022,neutral,0,1
Valorant,en,JJThePunkRacoon,,[],"@NotBlizzzo @PlayVALORANT You must not know valorant that well,you just need stay off football tv",05/03/2022,neutral,0,0
Valorant,en,scottrowntree,"Gadigal Land, Sydney Australia",[],"No one who has clocked more than a couple of hours in Valorant has ever watched a Met Gala.

Who the fuck is this tweet even for?",05/03/2022,positive,0,0
Valorant,en,Yumifps,playing valorant,[],LUCKIEST SHOT IN VALORANT https://t.co/JmczDchFQB,05/03/2022,neutral,0,9
Valorant,en,TheCursedKeeper,"Québec, Canada",[],"So I've been playing Valorant for a while now, and I'm getting really into it. I enjoy streaming it every week.
Thing is, I don't always have people on to play with. 

Y'all want a new friend? 
Just type your Tag down below, and I'll add you! 👇",05/03/2022,positive,1,9
Valorant,en,rfloufi,In the 4th dimension,[],"@alphaINTEL Respawn will stop to be lazy and greedy this new season? Will we get a nextgen console update with 120hz,cross progression,revamped firing range mode,uncapped level 500,more little buffs or rework ? Reactive camos during events like cod valorant and not normal skins full price ?",05/03/2022,negative,0,0
Valorant,en,seasonalchungus,twitch.tv/seasonal1,[],@KiraWho_ do you even play valorant bro?,05/03/2022,neutral,0,2
Valorant,en,ValkierHero,Azeroth,[],@LvYeti If it makes u feel any better I can only think of 3 times I won ranked matchs in valorant...... And I used to play it religiously for several months ❤,05/03/2022,positive,0,0
Valorant,en,DesertPunk2388,California,['Valorant'],"Check out this Valorant clip I recorded with https://t.co/m5cmcZilNJ! #Valorant

🔗 https://t.co/1qLVUdu68O https://t.co/feC1NpwnxG",05/03/2022,neutral,0,1
Valorant,en,FPSMera,,[],Valorant player! Radiant every season! Lots of scrim experience https://t.co/BSQzSgdqJa,05/03/2022,neutral,0,5
Valorant,en,ShadyLamp2k,,[],valorant is starting to feel fun again,05/03/2022,positive,0,6
Valorant,en,Scumcloset,Accquiring cats,"['twitchstreamer', 'VALORANT', 'smallstreamer']",Ya boy getting on it https://t.co/iOLYsWtyMg #twitchstreamer #VALORANT #smallstreamer,05/03/2022,neutral,0,1
Valorant,en,Grifdy,Ohio,[],@ghostluvvr You're acting like valorant players go om dates,05/03/2022,neutral,0,2
Valorant,en,littlebifelix,doll/dolls | pfp cr. irkg_GI,[],i’ve been playing valorant literally all day…..,05/03/2022,neutral,0,0
Valorant,en,DesertPunk2388,California,"['teamplayer', 'valorant']","This Fade ult is OP. Flawless ReTake #teamplayer #valorant

🔗 https://t.co/1qLVUdu68O https://t.co/xXxDwNZLtR",05/03/2022,positive,0,0
Valorant,en,klrtm8o,"Arizona, USA","['VALORANT', 'SmallStreamerCommunity', 'RiotGames', 'TwitchStreamers', 'YouTuber']","3K PLANT #VALORANT  #SmallStreamerCommunity  #RiotGames  #TwitchStreamers  #YouTuber 
https://t.co/hpR2sNX017",05/03/2022,neutral,0,1
Valorant,en,rfloufi,In the 4th dimension,[],"@alphaINTEL Respawn will stop to be lazy and greedy this new season? Will we get a nextgen console update with 120hz,cross progression,revamped firing range mode,uncapped level 500,more little buffs or rework ? Reactive camos during events like cod valorant and not normal skins full price ?",05/03/2022,negative,0,0
Valorant,en,pokop72,,"['Valorant', 'Outplayed']",Check out my video! #Valorant | Captured by #Outplayed https://t.co/JefsVgyAr1,05/03/2022,neutral,0,1
Valorant,en,bsuh_,"Los Angeles, CA",[],@valyngod @DerrekOW @neT_valorant @FBI hello,05/03/2022,neutral,0,5
Valorant,en,ahhrex,canadian | he/they | 18 ❤︎,[],someone play video games?? roblox? minecraft??? VALORANT??,05/03/2022,neutral,0,0
Valorant,en,screwtinaa,,[],come watch me get carried in valorant !! https://t.co/YFzNN6EDjO,05/03/2022,neutral,0,1
Valorant,en,rfloufi,In the 4th dimension,[],"@kralrindo Respawn will stop to be lazy and greedy this new season? Will we get a nextgen console update with 120hz,cross progression,revamped firing range mode,uncapped level 500,more little buffs or rework ? Reactive camos during events like cod valorant and not normal skins full price ?",05/03/2022,negative,0,0
Valorant,en,YaGurlSc0ut,"Cyberhecc, Hell","['VtuberDebut', 'FireEmblem', 'VALORANT', 'twitch']",Having a #VtuberDebut for my updated OG appearance (dubbed Scout 3.0) tonight while playing some #FireEmblem and #VALORANT on #twitch at 8PM EST...see ya there uwu https://t.co/vOe2sCjx0S,05/03/2022,neutral,2,15
Valorant,en,Senti3ntB3ing,23,[],casting my own games in valorant?? https://t.co/je6ZIkIgCe,05/03/2022,positive,0,0
Valorant,en,_mahid_,"New York, NY",[],Bro put a map like Overpass in Valorant. Amount of tricks the people could pull would be insane.,05/03/2022,negative,0,4
Valorant,en,valyngod,"Los Angeles, CA",[],@bsuh_ @neT_valorant @DerrekOW if it goes missing blame mike,05/03/2022,negative,0,3
Valorant,en,CenciPvP,Tyria,[],@Maxlolrogue @Stretch im memeing though theres actually so much going on in valorant its not easy lol,05/03/2022,positive,0,0
Valorant,en,SuperSluke_,World,[],@NorCalVariants @GeorgeCGed Idk dude it’s just what the guy says. Go back to watching jeopardy buddy I’ll tell you when you can play valorant with Phil again.,05/03/2022,neutral,0,0
Valorant,en,Crisco880,,[],"Tomorrow: 6:30pm, gonna try some Valorant for the first time on Stream. I've played it many times before but not on stream. So lets see how we go. 

Then might jump on some Minecraft just in case i rage too hard 😂

https://t.co/BN5b7yZv0z",05/03/2022,positive,1,5
Valorant,en,valyngod,"Los Angeles, CA",[],"@DerrekOW @neT_valorant dont worry Derrek, I have 24/7 access to the guardmobile and will be picking you up once you are back in LA!",05/03/2022,neutral,1,247
Valorant,en,choyjustin,Los Angeles,[],@bsuh_ @neT_valorant @DerrekOW ill distract @bsuh_ for u @neT_valorant take it and runnnnnnnnnnnnn,05/03/2022,negative,0,0
Valorant,en,NishioTemmjie,,"['VALORANT', 'ValorantArt', 'VALORANTfanart']","Brimstone Lipbite fanart
#VALORANT #ValorantArt #VALORANTfanart https://t.co/qWHfnpt8BD",05/03/2022,neutral,0,3
Valorant,en,rfloufi,In the 4th dimension,[],"@PlayApex @gouldingregi Respawn will stop to be lazy and greedy this new season? Will we get a nextgen console update with 120hz,cross progression,revamped firing range mode,uncapped level 500,more little buffs or rework ? Reactive camos during events like cod valorant and not normal skins full price ?",05/03/2022,negative,0,5
Valorant,en,YourFnafJust,,[],Mangle has been spotted playing Valorant with Nightmare!,05/03/2022,neutral,0,0
Valorant,en,tempest_gaming,,['RaiseYourStorm'],"Congratulations to our Valorant team for winning their first VLR official! Huge props to @Darrinsval, @Typhon_Sin,
@meruemval, @tediousdeer2844, @mcoff_, and @Kal_ult for all the hard work they put in! 

#RaiseYourStorm 🌪️",05/03/2022,positive,3,10
Valorant,en,sdhs_esports,,[],"Knights Esports Valorant falls to @SalemLions 2-0 in the playoffs. It was a fun first year for my kids and we’re looking forward to next season! GG Salem, good luck at Semis!",05/03/2022,positive,0,3
Valorant,en,444natsu_FPS,,[],who would like to form a team and join valorant tournaments,05/03/2022,neutral,0,0
Valorant,en,Iyokuu,Texas,['VALORANT'],"Stream in 30ish minutes. Catching up after Texas Showdown with some tournament Baiken thoughts, then hopping into #VALORANT . https://t.co/IiEAS8sqfg",05/03/2022,positive,1,10
Valorant,en,GamersIntellig1,,[],VALORANT players want Riot to add League-style solo queue https://t.co/SIL7GCXq1l,05/03/2022,neutral,0,0
Valorant,en,Catiyanas,"Colorado, USA","['Valorant', 'Gameplay', 'Streamer', 'FPS']",Trying to help a friend build up community! Check him out and tell him Cat sent you! Let's keep Queueing! Our goal is Silver 3 by the end of the week! QOTD: What's your favorite Album? #Valorant #Gameplay #Streamer #FPS 🤔 https://t.co/2HVyXrV2cW,05/03/2022,positive,0,0
Valorant,en,AndonorGG,,[],Andonor Valorant defeat TSM FTX in an exciting 3-1 victory https://t.co/8rHe1MjHyR,05/03/2022,positive,0,0
Valorant,en,nicpattz,94019,[],never been so angry with a video game in my life fuck valorant,05/03/2022,negative,0,1
Valorant,en,Pennydale1000,,[],I am the absolute Valorant Vibe Champion. No vibe goes negative with my presence.,05/03/2022,negative,0,1
Valorant,en,SwayGG,"New York, USA",[],"Sway is looking for the following:

- Halo Players (Team)
- CoD Players (Team)
- Apex Players (Team)
- Valorant Players (Team)

- Streamers
           &amp;
- Content Creators

Reply to this to let us know what you are and Retweet!",05/03/2022,neutral,13,20
Valorant,en,BlackCatt538,"Washington, USA",[],"Going live with Valorant, gonna try to learn Chamber today! https://t.co/9lAnp86wWt",05/03/2022,positive,0,1
Valorant,en,BeSeeingYa_,,"['VALORANT', 'twitch', 'twitchstreamer', 'twitchaffiliate', 'smallstreamer', 'SupportSmallStreamers']",Live at 7:15 with @tedwards_sucks come watch us wreck these irons. #VALORANT #twitch #twitchstreamer #twitchaffiliate #smallstreamer #SupportSmallStreamers https://t.co/ypx4Tw7UFB,05/03/2022,positive,2,5
Valorant,en,stxciev2,,[],the valorant Q @ me today https://t.co/s1VCJmD4yC,05/03/2022,neutral,0,0
Valorant,en,bsuh_,"Los Angeles, CA",[],@neT_valorant @DerrekOW I’m calling the cops why do you have the 4Runner,05/03/2022,neutral,0,10
Valorant,en,bambrewCS,,[],If only all valorant players could be cracked zoomers like me and @yuta_val,05/03/2022,neutral,0,1
Valorant,en,myddfn,الله أكبر,[],@TenZeN6z @Skell_zer mtn full train valorant,05/03/2022,positive,0,1
Valorant,en,ARIESUPS,for orders dm: @ARIESHOPPE 🧺,[],tags: valorant cheap valorant ph murang valorant gshells discounted game credits discounted valorant points gshells lol: wild drift pubg unknown cash grammarly spotify ph discounted cheap mura legit seller ph open vp gshells codm https://t.co/X8dlaXb89A,05/03/2022,positive,0,1
Valorant,en,squeekVAL,"Dallas, TX",[],@GhostGaming Yo I’m a up and coming VALORANT player looking for opportunities to prove my self!,05/03/2022,neutral,0,0
Valorant,en,OneRandomFrost,"Ontario, Canada",[],man I’m tryna play some fucking valorant,05/03/2022,negative,0,1
Valorant,en,erdbeermilcher,"NRW, Germany",['Valorant'],"pros dont fake #Valorant

🔗 https://t.co/FvGD2NNLXP https://t.co/O297gT4bCp",05/03/2022,negative,0,0
Valorant,en,ARIESHOPPE,— ph ⦂ 12pm onwards. ᥫ᭡,[],"★ ꒱ VALORANT POINTS ༉‧₊˚.

• 125 points — ₱45
• 380 points — ₱135
• 790 points — ₱265
• 915 points — ₱305
• 1170 points — ₱395
• 1650 points — ₱520
• 1775 points — ₱555
• 2030 points — ₱650
• 2440 points — ₱780
• 3640 points — ₱1135
• 5800 points — ₱1740",05/03/2022,neutral,0,1
Valorant,en,heymannicedog,612 wharf avenue,[],"i'll never go back to csgo or get into valorant for the same reason i never got into source: 1.6 is the pinnacle of cs, everything else is a pretender to the throne",05/03/2022,neutral,0,0
Valorant,en,PlayVALORANT,,[],"Tomorrow 5/3 from 2-3PM PT, come join the VALORANT Characters Team for a Reddit AMA to talk Fade, Jett, and most things Agents.

We'll share the link when it's live!",05/03/2022,positive,144,5430
Valorant,en,ARIESHOPPE,— ph ⦂ 12pm onwards. ᥫ᭡,[],".🧸 DISCOUNTED GAME CREDITS AVAILABLE:

∘₊✧── valorant points
∘₊✧── garena shells
∘₊✧── lol: wild drift
∘₊✧── pubg unknown cash
∘₊✧── genshin crystals

꒰ ALSO AVAILABLE HERE: ꒱

∘₊✧── spotify
∘₊✧── grammarly
∘₊✧── canva pro

꒰🍇꒱ hmu!",05/03/2022,positive,0,1
Valorant,en,dconnsss,Canada,[],HOOKED ON VALORANT,05/03/2022,neutral,0,2
Valorant,en,myluckymop,"Orlando, FL",[],been trying to convince all my valorant teammates that the simpson's just killed off krusty the clown the same way family guy killed brian,05/03/2022,negative,2,14
Valorant,en,_fiza_n_b_,,[],Plz when will the era of valorant edaters be gone 😭 https://t.co/e4C8NlplOg,05/03/2022,neutral,0,0
Valorant,en,KamilKuro,Colombia,[],"@Spinelessdrip31 @Rts_WW @RexRTs @rtsmallstreams @SGH_RTs @StreamersRT1 @rttanks @DripRT @BlazedRTs @Mighty_RTs @DynoRTs @Quickest_Rts @NemoRETWEET5 @Pulse_Rts I play Brawlhalla, Valorant, and indie games. https://t.co/1fDpMTgl2I",05/03/2022,neutral,3,0
Valorant,en,sheffcruzz,,[],@neT_valorant Villalobos taco truck is the spot for birria tacos😍😍,05/03/2022,neutral,0,0
Valorant,en,Boogydabee,"Bronx, NY","['boogydabee', 'assaultrc', 'gaming', 'gamer', 'eathlete', 'esports', 'pcgamer']",Valorant highlights 3 #boogydabee #assaultrc #gaming #gamer #eathlete #esports #pcgamer @TeamAssaultGG https://t.co/9Yn4H8eyWe,05/03/2022,neutral,1,9
Valorant,en,SeraphimEsports,,[],"🟢 ANNOUNCEMENT TIME 🟢

The winner of our Valorant Giveaway is @sh_wntell 🥳

We will send the winner a DM with the details!

Congrats on winning our FIRST giveaway! https://t.co/MEhRVAVJrH",05/03/2022,positive,2,15
Valorant,en,mjolktf2,,[],@sw1zeval u suck at valorant get a job,05/03/2022,neutral,0,1
Valorant,en,kevincchau,,[],@pao__VAL @JammnVal lol u seem smart! good valorant material,05/03/2022,positive,0,0
Valorant,en,hsegram,ВШЭ Москва,[],BlastX Butterfly knife concept! via /r/VALORANT https://t.co/OtAYQnZgxn,05/03/2022,neutral,0,0
Valorant,en,Boogydabee,"Bronx, NY","['boogydabee', 'assaultrc', 'gaming', 'gamer', 'eathlete', 'esports', 'pcgamer']",Valorant highlights 2 #boogydabee #assaultrc #gaming #gamer #eathlete #esports #pcgamer @TeamAssaultGG https://t.co/4aabYszj24,05/03/2022,neutral,1,5
Valorant,en,lanektanaka,,[],Would you rather? (in valorant mainly),05/03/2022,positive,0,0
Valorant,en,therealtpz,"Nova Scotia, Canada","['VALORANT', 'ValorantClips']","deag was on point last night !! part 2
#VALORANT #ValorantClips @PlayVALORANT  @VALORANTClips @ValorantClipsHD @Valo_Clips_Vids https://t.co/CbYy8DGt7v",05/03/2022,neutral,0,2
Valorant,en,luminastarr,,[],valorant’s raze playlist goes HARD WOW,05/03/2022,negative,0,0
Valorant,en,Kal_ult,Gamer,[],"@tempest_gaming Valorant has WON THEIR FIRST VLR OFFCIAL.

Too bad I'm not there but I have Eid to celebrate with fam.",05/03/2022,negative,2,9
Valorant,en,simsimonsvl,"Russia, Vladivostok",[],@Zerost_s Valorant players don't need girls LOL,05/03/2022,positive,0,3
Valorant,en,mistythejedi,somewhere in neverland,"['twitch', 'smallstreamer', 'supportsmallstreamers', 'affiliate', 'valorant', 'spaceman']","the best worst player! 

#twitch #smallstreamer #supportsmallstreamers #affiliate #valorant #spaceman https://t.co/QvNaSiM6pL",05/03/2022,neutral,1,1
Valorant,en,aryhnval,he/him,[],@chikinsz I love Valorant.,05/03/2022,positive,0,1
Valorant,en,LDJAYYYY,"Toronto, Ontario",[],@snxperlou @AnderzzTV The crossfire mandem are just too nice at valorant 🤷‍♂️,05/03/2022,positive,0,1
Valorant,en,BluueStormm,,[],"@GhostGaming Hi there! Just a Valorant Player, COD Player, Content Creator and Streamer all in one here ☺️👻",05/03/2022,neutral,0,2
Valorant,en,therealtpz,"Nova Scotia, Canada","['VALORANT', 'ValorantClips']","deag was on point last night !! part 1
#VALORANT #ValorantClips @PlayVALORANT @VALORANTClips @ValorantClipsHD @Valo_Clips_Vids https://t.co/ndyHVxTAqq",05/03/2022,neutral,0,2
Valorant,en,Darth_AKD,,[],"Couple days of playing Valorant, nearly chuckled it tho https://t.co/Uojq2Tgwi0",05/03/2022,positive,0,2
Valorant,en,Boogydabee,"Bronx, NY","['boogydabee', 'assaultrc', 'gaming', 'gamer', 'eathlete', 'esports', 'pcgamer']",Valorant highlights #boogydabee #assaultrc #gaming #gamer #eathlete #esports #pcgamer @TeamAssaultGG https://t.co/T1SDQzGd45,05/03/2022,neutral,2,4
Valorant,en,GenieOnIce,"New York, USA",[],@BrxnxDon @Brvndonn_ @JayPandaBearr I mean u liked apex and bloodhound is wallhacks 10x more frequently than the valorant abilities,05/03/2022,positive,0,0
Valorant,en,MSpadez_,"New York, USA",[],"Riot Banned me from valorant again, so its time for league or apex till i get unbanned",05/03/2022,neutral,0,1
Valorant,en,MilKaBoii,,[],@4Tapping 2/? The toxicity is so much more than CS and I’ve played CS in all ranks and on FACEIT and everything. Idk if people have such a higher ego on Valorant or something but everyone is so much more toxic,05/03/2022,positive,0,2
Valorant,en,Fuwws,,[],@GhostGaming not to flex but i’m bronze 2 in valorant😈,05/03/2022,neutral,0,0
Valorant,en,sleepywhale420,swimming with whales,"['Nanobomb', 'VALORANT', 'ValorantArt', 'VALORANTfanart', 'Killjoy', 'Raze']","I just think they're cute
#Nanobomb #VALORANT #ValorantArt #VALORANTfanart  #Killjoy #Raze https://t.co/1lK7vbMuYz",05/03/2022,positive,2,12
Valorant,en,YahhTony,,[],"@the1ZK depends on your definition of knowing you exist. Has she seen your name somewhere once or twice? probably. If someone says your name around her will she go ""oh yeah thats that valorant streamer from new hampshire who used to play fortnite"" probably not.",05/03/2022,positive,0,6
Valorant,en,uzumakijenki,,['VALORANT'],"yeahhh... I'm back as a reyna main 😏
#VALORANT https://t.co/9KhAhqbizQ",05/03/2022,positive,0,3
Valorant,en,Verfiso,"New York, USA",[],"Anyone wanna play valorant, someone that is worse as me I'm making @HaleyVALx lose all her elo 😭",05/03/2022,negative,0,4
Valorant,en,HenryZMWang,pronounced (hen-ree WAHWNG),[],"Not gonna lie I did tear up at that little flashback when he accounted all the games he played..I was there for Among Us, Valorant, Minecraft, the times he played Phasmophobia... Those streams got me through the rest of college. Catch you on YouTube, Sykkuno! 💚 https://t.co/02NjIJAqBJ",05/03/2022,negative,0,2
Valorant,en,fearglcck,carti ‼,[],how to play valorant,05/03/2022,neutral,0,0
Valorant,en,MitoRexTTV,United States,"['valorant', 'twitch', 'smallstreamer', 'gamer', 'live', 'streaming', 'fps', 'fyp']","Hey Everyone, live for the night after a long weekend! Come vibe with me! #valorant #twitch #smallstreamer #gamer #live #streaming #fps #fyp  https://t.co/o9w1RdcoJF",05/03/2022,positive,0,4
Valorant,en,BigPimpinT,"dallas, tx",[],they needa take Split out of Valorant,05/03/2022,neutral,0,0
Valorant,en,TTanley_,,[],"LIVE ON TWITCH 😜
https://t.co/sBTSJEFJc9
Valorant into FNCS",05/03/2022,positive,0,2
Valorant,en,nyappaa,⚙️💥•🚀🦁•🔥🎴•🦊👹,[],I suck at playing any game (esp FPS) but the whole of 2434 playing Valorant makes me wanna try hhhhhhhh,05/03/2022,negative,0,0
Valorant,en,chikinsz,h,[],@aryhnval Aaron y is ur Twitter just ur valorant diary,05/03/2022,neutral,0,0
Valorant,en,bl1zq,,[],@rekkt_get @_TrevorHendrix @MLG_Truuh @RayyanM15 @willminder @jcStani @KING_BABYBAY @TenZOfficial @thi9f @snxperlou @zeldrisval @diceyzx @Ban_Val @khanartistval @madafps and no one thinks of tenz when they think of valorant lol,05/03/2022,positive,0,0
Valorant,en,MageySenpai,https://sendou.ink/u/magey,[],fade makes me not wanna play valorant,05/03/2022,neutral,0,1
Valorant,en,ValorantUser321,,"['ヴァロラント', 'VALORANT']","New Agent Fade
#ヴァロラント　＃VALORANT https://t.co/tvzYiD5W7n",05/03/2022,positive,0,1
Valorant,en,xSeorin,space? probably,[],"We throw these games with BOTH hands. Peak valorant shooty shoot. Precise gunplay, some may say. 

https://t.co/WQh39sMiMZ",05/03/2022,positive,2,8
Valorant,en,HastyLass,,"['twitch', 'streaming', 'VALORANT']",Live on twitch!!!! #twitch #streaming #VALORANT,05/03/2022,positive,0,2
Valorant,en,HazRtravel,PLEASE CHECK MAIN TWEET,[],"Why VALORANT don't making Replay system?
we never asked new agent, new lore. we need goddamn user-friendly system!",05/03/2022,positive,0,1
Valorant,en,haiisaelol,,[],"stream announcement! 
chill moonday gaming (FFXIV weeklies, League? Valorant?)

Starting at around 8 PM EST :D",05/03/2022,positive,0,0
Valorant,en,imnonXistent,19 she/her,[],"STREAMING VALORANT!!!! 
https://t.co/Lt4cRMOeD2",05/03/2022,neutral,0,0
Valorant,en,sheep_kookie,,['Vtubers'],https://t.co/m10eEqEt6K LIVE RN #Vtubers  valorant date ./////.,05/03/2022,positive,1,3
Valorant,en,damienc586,"San Antonio, TX",[],@brookiebvnny I don’t know league but I could teach you valorant internet 👉👈🥺,05/03/2022,neutral,0,1
Valorant,en,nerdstreetval,,[],"Let me show you how the boss does it 🔥 

Hey, North Brunswick! We're heading to you next. Earn points towards the Nerd Street Champs VALORANT Finals at the next LAN in NJ. 

📍 @localhostgg North Brunswick
📅 Sat May 21 - Sun May 22
🔗 https://t.co/bnHvUcnlBH https://t.co/a7qYzBL3q6",05/03/2022,neutral,0,3
Valorant,en,heymajora,Mars,"['twitchaffiliate', 'aspiremajora', 'valorant']","A pretty nice Phantom ace! (ignore my aim at the start, i swear i killed that phoenix) #twitchaffiliate #aspiremajora #valorant https://t.co/0Xg2zlAplY",05/03/2022,positive,0,7
Valorant,en,LaynXYZ,,[],@niekmill @ihatekento ur the valorant player here buddy,05/03/2022,neutral,0,1
Valorant,en,Biffie18,,[],hello @PlayVALORANT I am back with day 3 of valorant art to get the remainder of vp. sr4hat#TwT https://t.co/7YNM0otv0M,05/03/2022,neutral,0,2
Valorant,en,iPortaal,ur moms house ,"['ObeyRC', 'YouShallObey']",live now on twitch grinding some valorant! Come vibe for a bit :) https://t.co/9uRS44joqK #ObeyRC #YouShallObey @xMeffy,05/03/2022,positive,0,3
Valorant,en,Meejeroni,probably playing val idk,[],"[RTS APPRECIATED] second night of some valorant comp grinding w/ y’all by my side!! just went 🍓 LIVE 🍓 over on https://t.co/2w2C5joxkR ! hopefully i can continue improving on omen tonight, will see! https://t.co/Kwa2a0ZQqJ",05/03/2022,positive,1,7
Valorant,en,rekkt_get,,[],@bl1zq @_TrevorHendrix @MLG_Truuh @RayyanM15 @willminder @jcStani @KING_BABYBAY @TenZOfficial @thi9f @snxperlou @zeldrisval @diceyzx @Ban_Val @khanartistval @madafps Compare the numbers compare the analytics. Theyll tell you why. Secondly when you hear the word valorant tenz comes to mind of many not Tarik. Plus there is a reason everyone on Tarik team always spams to watch sentienls,05/03/2022,positive,0,10
Valorant,en,PengieVAL,,[],@GhostGaming I play valorant but I'm dookie at the game,05/03/2022,negative,0,0
Valorant,en,turtletonyy,,[],why do so many asians play valorant,05/03/2022,positive,0,2
Valorant,en,xDelisii,,[],@So_Jamezzz ooo a fellow valorant and league player :') followed!,05/03/2022,neutral,0,1
Valorant,en,latenightkittyy,the little blue dot,[],Playing valorant like https://t.co/nV40PMNv4d,05/03/2022,neutral,1,18
Valorant,en,jethro_live,Your Mom's House,[],@morgeestreams Valorant players? Selfish? Nah that’s crazy talk,05/03/2022,negative,0,0
Valorant,en,STR3AKYY,,[],i despise attacking first on valorant especially split,05/03/2022,positive,0,2
Valorant,en,GothKitty98,,['VALORANT'],Love men that use the f slur in voice chat Bc I didn’t shoot a blind when i was reloading #VALORANT,05/03/2022,neutral,0,2
Valorant,en,chillshocktv,ARIZONA,[],Hello! Come say hello 🖤 We are playing Valorant !iron !newstreamer !benice https://t.co/unU0oRBw51,05/03/2022,neutral,1,1
Valorant,en,sacckari,"Fort Myers, FL",[],I have almost 900+ hours in valorant and I got two kills in a game today. Wtf am I doin,05/03/2022,negative,0,0
Valorant,en,be_more_kamion,PL/ENG ,[],V0x hopped on valorant https://t.co/KDXk3s9ihN,05/03/2022,neutral,0,2
Valorant,en,LaynXYZ,,[],@ihatekento @niekmill he spends his time focusing on valorant skins i told u its an unhealthy addiction,05/03/2022,negative,0,1
Valorant,en,MilKaBoii,,[],"@4Tapping 1/? Valorant is play pistol , extremely hard to win second round if you lose pistol, get destroyed by a running sprinting spectre or judge in a corner third round, get OPed and judged for the rest of the rounds and that’s it. Oh , can’t forget about the 70 pingers too.",05/03/2022,positive,0,2
Valorant,en,LvYeti,,[],@GhostGaming VALORANT Streamer and Content creator!,05/03/2022,neutral,0,0
Valorant,en,_brvndo,HTX,[],@GhostGaming Sign me and @thelostyonko for Valorant 🫡,05/03/2022,neutral,1,1
Valorant,en,AritiumYT,,[],VALORANT VIBES~MASTERING FADE THE NEW AGENT https://t.co/LXUNvn3UlY,05/03/2022,positive,0,0
Valorant,en,Iztyia,"Dallas, TX",[],"the worst part of valorant is the bottom frag squeeker barking orders, like bro are u even old enough to play this game",05/03/2022,negative,0,1
Valorant,en,RbjHens,"Austin, TX",[],"This is for all those 💩heads that can’t accept when they are wrong on Valorant.

Just take it as criticism and move on. Don’t be a shitbag off rip then ignore their comment only to get proven wrong and then refuse to accept it. Don’t be a a child. Acceptance is KEY",05/03/2022,negative,1,3
Valorant,en,ACTSXO,,[],@pgeonz @ethicsfn @wydc9ue @zHpwtf @Korubtw @blizzardfv @ufwvuto @alexxyur @rickzlol @DantzCuh i’m ur valorant son,05/03/2022,neutral,0,1
Valorant,en,iioxzy,.,[],https://t.co/QoXmeVmTyy really good deal if anyone wants to buy 100% legit,05/03/2022,positive,0,0
Valorant,en,blink_valorant,louisville he/him ,[],@kayvalorant hell nah bruh,05/03/2022,neutral,0,0
Valorant,en,DesertPunk2388,California,['Valorant'],"Check out this Valorant clip I recorded with https://t.co/m5cmcZilNJ! #Valorant

🔗 https://t.co/EgDPCEb5OO https://t.co/ik0lKRcyF0",05/03/2022,neutral,0,0
Valorant,en,xezthos,,"['VALORANTMasters', 'VALORANT']","they really thought i was radiant 🤯
#VALORANTMasters #VALORANT 

https://t.co/nmlLndmqFG",05/03/2022,positive,0,3
Valorant,en,platdva,"ic: mean_velvet 
white sixteen 
meow cute juno fai
no they he",[],not too fond of valorant,05/03/2022,neutral,0,0
Valorant,en,egnzaa,kill me,[],"Im pretty much radiant in valorant no one call or text me im famous, im a pro player.",05/03/2022,positive,0,2
Valorant,en,PyrokidSosa,"London, England",[],"@CourageGel @MF_DiZZ Also played valorant with @SimbaMrk &amp; @JasonOIA 

we (I ESPECIALLY) got rekt, but it was fun. good times loool",05/03/2022,positive,0,0
Valorant,en,LinkUpNFTs,The Watering Hole,[],Anyone out there play Valorant? What do you think of Fade?,05/03/2022,neutral,1,2
Valorant,en,SbSlapCheekz,Deez nuttz,[],Watching @skrapzg play valorant is golden!,05/03/2022,positive,0,1
Valorant,en,hundred_emoji,"California, USA",[],@Gthemaniac Being good at Valorant (most popping game rn) &gt; some unstable game that is capped at 60fps and uses 2 buttons to win a fight 🤷🏽‍♂️😈💯😭😭,05/03/2022,positive,0,1
Valorant,en,Swifty3k,,[],valorant anyone??,05/03/2022,neutral,0,2
Valorant,en,Y0ungShawarma,World’s Edge,[],"@orchidthieff Marta on Valorant 🤝 Marta on Apex

     Destroying people on controller",05/03/2022,negative,0,1
Valorant,en,camahort,,['valorant'],"looking for #valorant account with Cypher Valorant Go player card+buddy (priority in the account) 

DM me! ❤️",05/03/2022,neutral,1,2
Valorant,en,nathaniel_emzz,,[],i want a valorant team,05/03/2022,neutral,0,2
Valorant,en,mikwxee,,[],@milfluvr43 i’m like a game off of silver and everytime i get on valorant i genuinely get in the shittiest mood now,05/03/2022,neutral,0,0
Valorant,en,DRMSHINEE,8TEEN | 🇲🇽🇺🇸,[],"@Seapeekay unpacking , valorant , y csgo!!!",05/03/2022,neutral,0,0
Valorant,en,mangosray,,"['VALORANT', 'twitchaffiliate', 'EidMubarak']",I’m still trying to process how I streamed  for 9 hours straight the night before Eid 🫠 #VALORANT #twitchaffiliate #EidMubarak,05/03/2022,positive,0,3
Valorant,en,NickProspers,"Dana Point, CA",[],Orgs looking for valorant players hmu,05/03/2022,neutral,0,1
Valorant,en,pIasify,🦋🌩🖤,[],so like I haven't slept and I've just been playing more valorant ! maybe knockout soon then stream ranked games later https://t.co/wMfBbuvj4u,05/03/2022,positive,0,10
Valorant,en,CauzitoPN,"São Paulo, Brasil",[],"LIVE ON!
🔞[BR/ENG]🔞 - 🔴[UNRANKED] TREINANDO P/ RANKEDS NO VALORANT!🔴 - ❗artes❗teko❗loco❗joceir
https://t.co/odrql7arLL
https://t.co/GHWd7tExYZ",05/03/2022,positive,0,1
Valorant,en,JlGGSY,,[],@CantAiim Might have to play again lol. I been grinding valorant.,05/03/2022,positive,0,0
Valorant,en,ehokaylilac,she/her | 25,[],"@GhostGaming I'm a valorant player, streamer, and content creator, as well as a skilled linguist who can write, proofread, and edit anything and everything!",05/03/2022,positive,0,0
Valorant,en,bl1zq,,[],@rekkt_get @_TrevorHendrix @MLG_Truuh @RayyanM15 @willminder @jcStani @KING_BABYBAY @TenZOfficial @thi9f @snxperlou @zeldrisval @diceyzx @Ban_Val @khanartistval @madafps he is NOT the face of the game ur so delusional there isn't anyone who is the face of the game valorant is too big for someone to be the face of it and IF anyone would be the face of the game how isn't tarik the one?,05/03/2022,negative,0,0
Valorant,en,Noegoisaac,,['VALORANT'],Radiant again #VALORANT https://t.co/KuG0QJJPFd,05/03/2022,neutral,0,2
Valorant,en,Kumashake_,"California, USA",[],Just another valorant game for the gamers https://t.co/5MPHpGMDv2,05/03/2022,negative,2,5
Valorant,en,Burqes,,[],"@tarik WHO ARE THE MOST UNDERRATED VALORANT TEAMS RN? 

LOOKING FOR SOME TEAMS FOR A NA VALORANT LEAGUE",05/03/2022,positive,0,1
Valorant,en,miwupy,miwu#666 ♡,[],i am once again offering friends to join my private discord &lt;3 we've been playing valorant + talking a bunch in there if any of u guys wanna join just dm me :3,05/03/2022,positive,0,72
Valorant,en,Goalmastr8,"Pennsylvania, USA",['Brimstone'],"When that cake is too sweet...

@PlayVALORANT
#Brimstone
Check out this clip! Brocklin streaming VALORANT!  https://t.co/LxvSneR9SY",05/03/2022,positive,0,0
Valorant,en,SteadyScopes,"Pennsylvania, USA",[],"Woke up a little late from a nap but now lets have some fun with friends on valorant. 

https://t.co/fLaIoB4NaV",05/03/2022,negative,1,2
Valorant,en,anniepoo_,"Seattle, WA",[],Check out @sketchmochi’s Etsy shop for these super adorable stickers and MORE: https://t.co/7Kv5O14TG7,05/03/2022,positive,1,0
Valorant,en,seaaphoam,earthdweller,[],"I’m streaming some valorant tonight!! Live for only a little while, I’d love to see you pop in ❤️ https://t.co/YMjynIKm6s",05/03/2022,positive,1,3
Valorant,en,DanhNhieu1,United States,['VALORANT'],This shi might be the move #VALORANT https://t.co/kP3cr8GvFz,05/03/2022,neutral,0,0
Valorant,en,darkninja1296,,[],"I am on two weeks vacation break from med school. 

Getting better in Valorant games https://t.co/oKpSg39MBl",05/03/2022,positive,0,1
Valorant,en,oG_MomJeans,United States,[],"🔴 We’re live friends! Monday Valorant. ♥️

https://t.co/3Zsu4Vt65D",05/03/2022,positive,0,1
Valorant,en,tamakiluvr,any pronouns | 21 | pr ,[],my beast mode moments in valorant: thread 😈 https://t.co/O8pm55e69p,05/03/2022,neutral,0,1
Valorant,en,T4RGETY,"doing nothing, losing life",['VALORANT'],"oh....man
#VALORANT https://t.co/KOcIYklBGW",05/03/2022,neutral,0,0
Valorant,en,wholelottajason,"Houston, TX",[],RAGING IN ELO HELL !! | Ranked Valorant https://t.co/MJrwfT20ue,05/03/2022,neutral,0,0
Valorant,en,DesertPunk2388,California,['Valorant'],"Check out this Valorant clip I recorded with https://t.co/m5cmcZilNJ! #Valorant

🔗 https://t.co/AuAACG8ofY https://t.co/YJ6NYTWzbf",05/03/2022,neutral,0,0
Valorant,en,Goonz3D,NO REFUNDS,[],@siongtmini im hardstuck d2 just because im that good valorant refuses to put me with good teammates,05/03/2022,positive,0,0
Valorant,en,jakeohx,,[],"Valorant immortal 3+ last 4 acts, Versatile player, good mental, teamwork A+, open schedule. Willing to fill any role and be the best teammate I can be! Oh also LAN experience!! https://t.co/4fFUDRraiZ",05/03/2022,positive,0,2
Valorant,en,_GreyVT,twitch.tv/GreyVT,"['ENVTuber', 'VTuber', 'VTuberUprising', 'Valorant']","https://t.co/lZbiiKARI9

tags: #ENVTuber #VTuber #VTuberUprising #Valorant",05/03/2022,neutral,0,0
Valorant,en,jakeohx,,[],"@GhostGaming Valorant immortal 3+ last 4 acts, Versatile player, good mental, teamwork A+, open schedule. Willing to fill any role and be the best teammate I can be! Oh also LAN experience!!",05/03/2022,positive,0,6
Valorant,en,RealXert19,Twitch Xert19,[],im gonna try to get the overwatch 2 code one more time on may 5th during the owl stream on youtube if i still don't get it im done with the game that's the end of that i will be switching games to valorant so i can work hard on getting good on that game,05/03/2022,positive,0,0
Valorant,en,_GreyVT,twitch.tv/GreyVT,[],HELLO. guerilla valorant stream with absolutely no notice. just going to run some comps with randoms and see if i can hit my shots today. feel free to stop by if you have some free time. LIVE NOW. ❤️❤️ https://t.co/bW8iYgfaoJ,05/03/2022,positive,2,6
Valorant,en,Itsjimmylee,,[],Legolas of Valorant Immortal Grind https://t.co/5pM1U8jfiV,05/03/2022,neutral,0,0
Valorant,en,SHSeSports1,"Salem, IN",[],"Salem Lions Valorant Team advances to semi finals!
Another good game against another good team the South Dearborn Knights ESPORTS team. Final 4...
Lets Gooooo! https://t.co/cQvpGVoVmf",05/03/2022,positive,3,8
Valorant,en,orchidthieff,United Kingdom,[],Why need sound when you can just be a little Valorant rat https://t.co/9QrJnCo2ws,05/03/2022,positive,0,9
Valorant,en,Ghos7y,,[],@stormzywrld Yeaaaa rip my valorant rank,05/03/2022,negative,0,0
Valorant,en,dotblackperiod,karaoke account,[],enough of being gay (met gala) time to be a dyke (valorant),05/03/2022,positive,0,0
Valorant,en,_dimitrescu,she/her | 26,[],"phonkin around in valorant and then fortnite a lil later then ????

https://t.co/a8u2I8rwT2",05/03/2022,neutral,1,1
Valorant,en,MistrKyle,,"['VALORANT', 'Smallstreamer']","Trying to get to Gold playing with 
@Mojojodii
 COME TELL ME IM DOING GREAT! AND ALSO I HAVE POTATO CAM ON
#VALORANT #Smallstreamer
LIVE NOW---&gt; https://t.co/H71bKHZSgM",05/03/2022,positive,0,4
Valorant,en,HUTA0L0GY,17 . HE/HIM . AR35 NA,[],@jaylliumz OMG??? HI WE SHOULD PLAY VALORANT SOMETIME!!!!!!!,05/03/2022,neutral,0,1
Valorant,en,IAMSPEEEEEEED1,,['Valorant'],"Check out this Valorant clip I recorded with https://t.co/AlKMVlhsSl! #Valorant

🔗 https://t.co/reCmaeBnIu https://t.co/06MFYxgJYC",05/03/2022,neutral,0,0
Valorant,en,refresh1k,"Texas, USA",[],apparently u need 10 first bloods to win a valorant match https://t.co/RAGuMVc2M9,05/03/2022,positive,0,5
Valorant,en,andrewpriice,"24, ATX",[],i made another valorant clip dump https://t.co/rHf5o0GkwI,05/03/2022,neutral,0,8
Valorant,en,MelyTheVT,,[],@scarra VALORANT GRIND TO GOLD LETS GO SCARRA,05/03/2022,neutral,0,5
Valorant,en,nagumotodays,he/him | 22,[],my valorant aim is cracked if we pretend body &amp; leg shots are headshots https://t.co/KwOHvVA1Y3,05/03/2022,neutral,0,4
Valorant,en,MilKaBoii,,[],After playing valorant for so long I realised that CS is better than valorant for so many reason :),05/03/2022,positive,0,4
Valorant,en,Pantusee,,[],"@GhostGaming Content creator, streamer, attractive,  valorant warlord, cod warlord.",05/03/2022,positive,0,0
Valorant,en,pmfkuya,Iced capp,[],@mintaiey I’m also retired valorant player bro it’s over I’m washed,05/03/2022,neutral,0,0
Valorant,en,ATRoddy,"Portland, ME",[],@JoelMadru Let’s play some Valorant,05/03/2022,neutral,0,1
Valorant,en,OtterInASuit,Probably Working,[],"@facial6lock I dont know how you have realized this ability but, yeah I can 100% tell my type to people by showing valorant skins. https://t.co/lGZ7oG1ZtW",05/03/2022,neutral,0,3
Valorant,en,mintaiey,Sasuke's heart,[],@pmfkuya :( I kno ur king of valorant… that game is too hard for me sir 💀,05/03/2022,negative,0,0
Valorant,en,Knvghtmare,,[],Why do I get shitters every time I play ranked Valorant... my god,05/03/2022,neutral,0,50
Valorant,en,HexxyCurse,Lost,[],Bruh the last game I was doing sooo good of valorant... we lost but like I WAS MVP FOR ONCE... I think im a Fade main. https://t.co/Y2gnRWNquT,05/03/2022,positive,0,6
Valorant,en,harmfuIkitty,,[],on the plane going home then i get to play valorant https://t.co/AenthJyrBy,05/03/2022,neutral,0,0
Valorant,en,TeamGodvek,,['VALORANT'],"Just went live! Playing #VALORANT 

https://t.co/xjTkRKZD0u",05/03/2022,positive,1,3
Valorant,en,clairesworld4,https://discord.gg/xP3gmNna,[],"🌼 5/2 - 5/8 🌼

Highlights:
🌼Valorant w/ @Millnash on Wednesday! (:
🌼Cards against Humanity with the OGs on Friday!
🌼Valorant with Viewers (thats YOU!) on Thursday!
🌼We will be sneaking in some reaction content for youtube as well (:

https://t.co/O30Ut5HcBi // @GGLimitless https://t.co/llriEMl6wv",05/03/2022,neutral,5,24
Valorant,en,BBFGEsports,,"['VALORANTMasters', 'VALORANT', 'Fortnite', 'VALORANTfanart', 'Valorantgiveaway', 'valorantnsfw', 'RadiantEZPZ']",Just another example of BBFG destroying RADIANT+ lobbies in valorant #VALORANTMasters #VALORANT #Fortnite #VALORANTfanart #Valorantgiveaway #valorantnsfw #RadiantEZPZ https://t.co/EG9FMyIz1V,05/03/2022,negative,1,7
Valorant,en,malfra1x,,[],I sell my valorant account full access more information dm/vendo mi cuenta de valorant full acces mas informacion dm https://t.co/kPnkiHXadb,05/03/2022,positive,0,5
Valorant,en,IAMSPEEEEEEED1,,['Valorant'],"Check out this Valorant clip I recorded with https://t.co/AlKMVlhsSl! #Valorant

🔗 https://t.co/I03NlQWcvZ https://t.co/xEYIytPX4K",05/03/2022,neutral,0,0
Valorant,en,dabullsfan1,cornfed small town,[],"Another day, another grind. Checkout my new emotes! || Progress is being made || Check out my channel point rewards !smite !valorant https://t.co/SgJ9ZRHH9V",05/03/2022,positive,0,1
Valorant,en,ItzJobam,Sverige,[],"@GhostGaming I play valorant daily, would love you show you guys how much I've improved this past month!!",05/03/2022,positive,0,1
Valorant,en,kageyuukawaii,kage's textbook,[],"from valorant, genshin, to fanfics then finally watanabe miho uh huh very gws to us oomf",05/03/2022,positive,0,2
Valorant,en,rGilThunder_,"Ogun, Nigeria",[],@GhostGaming I'm an african content creator and twitch affiliate. I mainly stream and create content on valorant and YouTube. you can breeze through my channel on https://t.co/z8E1BHAsS0,05/03/2022,positive,0,0
Valorant,en,ellasbasket,s/her || lf resellers!,[],"— discounted game top ups, riot games, valorant points, discounted vp, valo points, valo pts, cheap valo pts ph, lf active resellers, riot gaming, discounted game credits",05/03/2022,negative,0,0
Valorant,en,ellasbasket,s/her || lf resellers!,[],"🌷 discounted valorant points  

2030 valo points — ₱670
2440 valo points — ₱805
2850 valo points — ₱880
3640 valo points — ₱1150
4500 valo points — ₱1415
5800 valo points — ₱1755

✹ riot id is required, no ban
✹ legal, top-up via codashop",05/03/2022,positive,0,0
Valorant,en,ellasbasket,s/her || lf resellers!,[],"🌷 discounted valorant points 

125 points — ₱45
380 valo points — ₱135
790 valo points — ₱270
1040 valo points — ₱360
1650 valo points — ₱535
1775 valo points — ₱580

✹ riot id is required, no ban
✹ legal, top-up via codashop",05/03/2022,positive,0,0
Valorant,en,luvducki,she/her • 15,[],its like everyday i get worse at valorant but i keep playing,05/03/2022,negative,1,17
Valorant,en,notemaura,USA,[],@GhostGaming I'll put my name in the hat. I'm more of a content creator. I do stream and play valorant as well as other fps and variety games. 😊,05/03/2022,positive,0,0
Valorant,en,RIDGGaming,"Ridgecrest, CA",[],@Trevslol @darkfireelol That was your reacting after watching Sween miss all his shots on Valorant.,05/03/2022,neutral,0,3
Valorant,en,_Blankes,MI,[],@Froste Explain in Valorant terms please,05/03/2022,neutral,0,0
Valorant,en,worldofday6,she/her,"['yunho', 'valorant', 'ateez']",I volunteer as pocket sage 🙋🏻‍♀️🧊 #yunho #valorant #ateez https://t.co/9FVbcDajjT,05/03/2022,neutral,0,6
Valorant,en,RikuuFPS,cursedglyph,[],I was never meant to reach imm and higher on valorant,05/03/2022,positive,0,3
Valorant,en,SayokoVT,Void,[],@Rhylaa_ YEAH IM BLACKMAILING NOW YOU NOOB. NOW COME PLAY VALORANT WITH ME.,05/03/2022,neutral,0,1
Valorant,en,AdamAboelela,"Manhattan, NY",[],DAY 30 - MET GALA THEN VALORANT https://t.co/pwInpJO006,05/03/2022,neutral,0,1
Valorant,en,RaihanIslam912,He/Him,[],Valorant shenanigans with @SD36912 @TheParagonSSB and @ImzonFGC https://t.co/Uazy36D3xS,05/03/2022,neutral,1,4
Valorant,en,arolpinn,,"['VALORANT', 'VALORANTMasters']",Anyone think this is a good skin? Asking for my friend @MattR14196055 #VALORANT #VALORANTMasters https://t.co/RchE9rDJsx,05/03/2022,positive,0,0
Valorant,en,RickWanders,Subscribe ⤵,[],"Live with more sweaty silver ranked games. Pour one out for our homie, Sova, after Valorant patch 4.08 https://t.co/V3QiaCsplL 🥲 https://t.co/XgFBHOxC8a",05/03/2022,positive,0,0
Valorant,en,danicricket_,upside down,[],@eboylawn @wowy420 @iceyy4k yuhhh i love valorant,05/03/2022,positive,0,3
Valorant,en,amuto45,Republic of the Philippines,[],I knew they'll still be playing Valorant by the time I woke up that's why I didn't bother waking up at 3 am 🤣,05/03/2022,neutral,0,2
Valorant,en,HanniSays_,♥,[],@Seapeekay Seapeekay can we please be friends I will play literally anything except valorant and i'm free until 10pm on Wednesday,05/03/2022,positive,0,7
Valorant,en,MrCipe,"Arizona, USA",[],@KynoR6 @SpiriTzR6 @SupGomes I can see the Valorant coming out in this name,05/03/2022,neutral,0,0
Valorant,en,itmebiancaa,,[],i have valorant clout,05/03/2022,neutral,0,0
Valorant,en,celenagamecreds,Republic of the Philippines,[],"• valo pricelist

🏷: vp valorant points discounted game credits cheap wts lfb legally paid legal top up ph philippines gcash paymaya bpi pnb unionbank https://t.co/kMwWCD7Mw5",05/03/2022,positive,0,0
Valorant,en,krty1k,"ambient, surreal, noir",[],"Sweater Weather ❄️ Valorant Montage

FULL HD https://t.co/dsGeF9zKhF

@EchoAIt https://t.co/uQlLEyxgoW",05/03/2022,positive,1,12
Valorant,en,Gold_Jay114,"Hialeah, Florida",[],@woods20k I added you on Valorant,05/03/2022,neutral,0,0
Valorant,en,trueprophetkane,The Prophet Train,"['fyp', 'twitch', 'prophettrain', 'valorant', 'shorts', 'twitchtv', 'valorantclips', 'valorantgaming']",Yoooo! Triple Aftershot kills??? Whhhaaaaaaaa!!! #fyp #twitch #prophettrain #valorant #shorts #twitchtv #valorantclips #valorantgaming https://t.co/NWNC0nl6JM,05/03/2022,neutral,0,3
Valorant,en,cestarri,mia ✧ stacie ✧ diana,[],really want a valorant league of legends minecraft bf to give under the desk support to rn 🙏,05/03/2022,positive,3,20
Valorant,en,FalcloneGG,,[],@Shinadehh @NinaKosaka This is what a pro valorant player eat,05/03/2022,neutral,0,1
Valorant,en,Taffss_,A ♡,[],"LFT

~ RiotID: Taffs#sexy // Discord: taffs#5825
~ Rank: Currently Imm 1, peak Imm 2 171rr.
~ Agents: Controller main. Astra, Brim, Omen, Viper. Can flex duelist/sentinel
~ Experience: Scrim, 1st place: Valorant Divergence Cup.

@HitBox_Hiros @ValorCentral @GameChangersVal",05/03/2022,negative,8,22
Valorant,en,Izzyjunior2,,"['Jordan_Scott_', 'VALORANT', 'twitch', 'Streamer', 'videogames', 'gaming', 'entertainment', 'twitter']",#Jordan_Scott_ is now streaming #VALORANT https://t.co/3YOatlEAwB #twitch #Streamer #videogames #gaming #entertainment #twitter,05/03/2022,neutral,0,1
Valorant,en,DesertPunk2388,California,['Valorant'],"Check out this Valorant clip I recorded with https://t.co/m5cmcZilNJ! #Valorant

🔗 https://t.co/IDudj4ukOU https://t.co/76Zt3gjSma",05/03/2022,neutral,0,1
Valorant,en,DeterminedSloth,,[],"LIVE!

Playing Overwatch 2 for a bit, then Valorant placements with @chochinibi :D

https://t.co/tv6QGTIQJi
https://t.co/4OsssfC0Lj
https://t.co/4OsssfC0Lj",05/03/2022,positive,3,9
Valorant,en,acain406,"Colorado, USA",[],Haven’t really played Valorant much yet but at least I now have a favorite agent….thanks @bremlynd (Jettlynd) 😅😂😂,05/03/2022,positive,0,2
Valorant,en,TheRealDanberhe,Big Mountain,[],"@LumaThe1andonly @GotHumbled @EchoFlexx LMAO, its so rare that Valorant, Valheim, Lost Ark, and many others doing drops and hyping the game also achieve it.",05/03/2022,positive,0,0
Valorant,en,akirencat,any prns ☆ ic ChoRatri,[],"i just realized in the ""it's been a good run"" vid its the first time ive ever heard sykkuno say valorant normally",05/03/2022,positive,0,2
Valorant,en,GassimOG,,[],"https://t.co/OEmACyyS8i
https://t.co/OEmACyyS8i
https://t.co/OEmACyyS8i
https://t.co/OEmACyyS8i
valorant time😈",05/03/2022,neutral,0,0
Valorant,en,sprklzart,Digital Artist ,"['art', 'workinprogress', 'valorant', 'neonvalorant']",neon wip!! making this into a poster for my brother's bday)) #art #workinprogress #valorant #neonvalorant https://t.co/m8LgVkTJBE,05/03/2022,neutral,0,3
Valorant,en,mr_maniac11,"Maryland, USA",[],I thought valorant was a shit game but after playing the right champ this shit is so fun,05/03/2022,negative,0,0
Valorant,en,emski2809,United Kingdom,[],"@Seapeekay maybe a lil, a lil valorant? perhaps? maybe?🥺",05/03/2022,neutral,0,0
Valorant,en,DaGamerLeon,,[],"@ATPOverwatch What’s your opinion to expanding your channel to other esports (Valorant League of legends, CSGO). Do you play any of these games yourself and/or watch these other pro gaming leagues?

I personally feel like pro valorant had a lot of potential for video ideas",05/03/2022,negative,0,1
Valorant,en,josephxsxcs,,[],@GhostGaming U guys accepting goldies for valorant? Lmao,05/03/2022,positive,0,0
Valorant,en,ConicalJACK,,"['TwitchAffliate', 'VALORANT', 'ValorantClips', 'twitchstreamer']","Me gunnin' for #TwitchAffliate and reality stepping in.
#VALORANT #ValorantClips #twitchstreamer https://t.co/uBZ7oQGI7Y",05/03/2022,neutral,0,3
Valorant,en,SolaceNA,SoCal,[],@noahsfire @neT_valorant Skip Dave’s and get Howlin’ Rays instead imo,05/03/2022,neutral,0,3
Valorant,en,VoidAuraXx,With Ur Mom,[],"Playing Valorant W/ @Wolfy_MoonZz and @maiferr_ !
https://t.co/X0WxWw7SuO",05/03/2022,neutral,3,7
Valorant,en,ShediHunter,Россия,[],Looks like I've found a new main in Valorant,05/03/2022,positive,0,1
Valorant,en,juv3nileow,"Colorado Springs, CO",[],"@neT_valorant Downtown LA sultan chicken, tacos el venado if you want be the best street tacos in the world",05/03/2022,positive,0,7
Valorant,en,maxxed_out420,"Pharr, TX","['smallstreamer', 'twitch', 'valorant']",My First ACE https://t.co/dl7ivFQ3B7 #smallstreamer #twitch #valorant sorry for the audio lol,05/03/2022,positive,0,8
Valorant,en,tittaoz,"Foz do Iguaçu, Brasil",[],"Rankeds no Valorant
https://t.co/YTLYc7XUE9",05/03/2022,neutral,1,1
Valorant,en,dmndsVFX,Xen Diamonds?,[],should I try valorant editing? 😈,05/03/2022,neutral,0,4
Valorant,en,TeditzOnFB,"Phoenix, AZ",[],"Live playing valorant on twitch, 

https://t.co/lC1A5VvUwr https://t.co/PEK4LYwqrU",05/03/2022,positive,0,5
Valorant,en,itsminimantv,supporting the homies,[],LIVE WITH 5 STACK VALORANT COME JOIN :))),05/03/2022,positive,0,9
Valorant,en,kydotwav,she/her,[],ryan and i are gonna 1v1 in valorant who do we think wins,05/03/2022,positive,0,1
Valorant,en,MakaanGaming,"Northampton, UK","['VALORANT', 'TWITCH', 'LATENIGHTSTREAM', 'SMALLSTREAMER']",ROAD TO PLAT https://t.co/MjLWc5WPcC #VALORANT #TWITCH #LATENIGHTSTREAM #SMALLSTREAMER,05/03/2022,neutral,0,3
Valorant,en,Alysianss,,"['twitch', 'streamer', 'valo', 'valorant']","LIVE!!! Bronze 3 comppp
#twitch #streamer #valo #valorant
 https://t.co/OEMWt3OaGC",05/03/2022,positive,0,2
Valorant,en,Janvison,,[],I didn’t think valorant accent was a thing but it’s sounding a lil disgusting ngl,05/03/2022,negative,0,0
Valorant,en,ImJessicaCabral,Canada.,[],"I GOT A SALE ON MY HAUNT BADGES I WANNA CRY
https://t.co/YwwAbNS0q7",05/03/2022,neutral,1,1
Valorant,en,vhyti_,,[],"@HemuliX @30hzT V persistence is gay 
When valorant mobile comes I'm grinding it 
But for now gym time",05/03/2022,positive,0,1
Valorant,en,_captin_,That One Spot,[],If I could just be mentally happy for 1(one) day I would be so much better at Valorant and probably win more games.,05/03/2022,positive,0,0
Valorant,en,AshariAriVTuber,In the corner of the room,[],Valorant Open Party ?,05/03/2022,neutral,0,6
Valorant,en,botisimostreams,"Dallas, TX",[],🔴 LIVE: FabioMurray Playing Valorant https://t.co/pD9bUcrD3Z,05/03/2022,positive,0,0
Valorant,en,GLGamingLounges,"Rochester, NY",['ValAndChill'],"After a ""short"" hiatus the #ValAndChill is back!

Look for some low key tournament vibes on a Saturday?

😌Come chill with us at 6:00PM ET: https://t.co/nPpiPH9Nxr https://t.co/3MIlzo4wUN",05/03/2022,neutral,0,2
Valorant,en,l1gmaballlz666,she/her,[],when he shows u his valorant clips 😍😍,05/03/2022,neutral,0,1
Valorant,en,Pandi94Andi,,['VALORANT'],SURPRISE! I’m early. Streaming modded @Minecraft tonight! Will I stick with it or change to #VALORANT? COME FIND OUT! https://t.co/acinsFZjVc,05/03/2022,positive,0,2
Valorant,en,Q_u_i_n_g_B,Suckling Knowledge from God,[],"@BoxBox @floaromaa art is my Lock Screen and @DojaCat is my Home Screen. Valorant, Pokémon and Doja are the Holy Trinity 😌 https://t.co/HMubOCPj8T",05/03/2022,neutral,0,1
Valorant,en,Jonaaa6_VAL,,[],@godlyaudrey @ironduelistmain @neT_valorant oops,05/03/2022,neutral,0,0
Valorant,en,Nag0414,コラボやその他要件ありましたらお気軽にDMへどうぞ！,[],Goodmorning - Valorant *93 https://t.co/FqLwE0ZnxM @YouTubeより,05/03/2022,neutral,0,1
Valorant,en,HypeHorizen,United States,['HZNVALORANT'],"#HZNVALORANT Competing in 
the @NerdStreet VALORANT Online Open 4 
Nerd Street Champs Tournament! https://t.co/8OltqYeazM",05/03/2022,neutral,0,0
Valorant,en,tedwards_sucks,,[],@COOLHXND play valorant and retract this statement immediately,05/03/2022,neutral,0,2
Valorant,en,0Ktinaa,20 | she/her ,[],@jlum_ps it's literally stylized as VALORANT,05/03/2022,neutral,0,1
Valorant,en,shelb_415,,[],Life would be different if I wasnt bad at valorant,05/03/2022,negative,0,0
Valorant,en,LegatusMisfit,,"['OverPrime', 'twitchtv', 'Live', 'stream']","It's Monday! Now normally we would be playing Valorant. However we will be playing @OverPrime_ today! I would be lying if I said I wasn't a little addicted to it! Come join in or just enjoy the insanity your choice! #OverPrime #twitchtv #Live #stream
https://t.co/Bh25sUNm9n",05/03/2022,positive,1,1
Valorant,en,VesUwU_,"Nottingham, England",['VALORANT'],Nice like #VALORANT 4K to clean the round up :) https://t.co/hwz3LC3iA3,05/03/2022,positive,0,2
Valorant,en,cozyczech,,['MentalHealthAwarenessMonth'],"We’re ✨LIVE✨besties!! Come hang out as we play some Valorant (I’m obsessedddd) and raise some money for @TrevorProject! Happy #MentalHealthAwarenessMonth 

https://t.co/9WGdjA9ON1 https://t.co/Sp9y2M1Jkp",05/03/2022,positive,2,5
Valorant,en,ryoalbendt,,[],alright I've started to notice a patern...... the 6th Valorant sucks. everytime. I gotta stop at 5. really.,05/03/2022,negative,0,3
Valorant,en,makkyyb,999,[],single &amp; play valorant btw https://t.co/KvzOhBHRQk,05/03/2022,negative,4,107
Valorant,en,sunniestsunspot,He/They/ 17,[],@gothams2moon Ill care you just like did in valorant bestie trust me 🥰🥰 ill get you so many dubs,05/03/2022,negative,0,1
Valorant,en,paxtino_,,"['VALORANT', 'VALORANTMasters']",Well it happened I finally lost it my keyboard almost went out the window time for a break #VALORANT #VALORANTMasters,05/03/2022,neutral,0,1
Valorant,en,NotAscension,𝖜𝖔𝖓𝖉𝖊𝖗𝖑𝖆𝖓𝖉,[],"@GhostGaming stream, content creation, video editor, graphic designer, DJ, human, and valorant/league player.",05/03/2022,neutral,0,0
Valorant,en,HamowdNC,Abu Dhabi,[],"welp, downloading valorant here goes nothing",05/03/2022,neutral,0,0
Valorant,en,Gage_Aquarius16,,"['SmallStreamerCommunity', 'streamer', 'valorant']",Live now playing Valorant come say hey! https://t.co/t0m1AlSgTC #SmallStreamerCommunity #streamer #valorant,05/03/2022,positive,0,1
Valorant,en,Ryu_Valorant,"Logroño, España",[],@moesita @HiakkyVAL is a female talking to my boyfriend??,05/03/2022,neutral,0,0
Valorant,en,Defenseholic,Canada,[],@NachoCustomz @TjExclusives aceu better come back to Valorant cause Mr Nacho gonna give him the business in apex,05/03/2022,positive,0,0
Valorant,en,mmobomb,,[],"That's pretty ambitious, @PlayVALORANT...but can they pull it off? https://t.co/r3jlzka2Hf",05/03/2022,positive,0,0
Valorant,en,nanaamiie,♡ art commissions: OPEN ♡,"['nanaaLIVE', 'nanaamiie', 'vtuber', 'envtuber', 'valorant', 'twitchclips']","Remember when I said I was good at Valorant? I never said I was a good scout... (。﹏。*)

#nanaaLIVE #nanaamiie #vtuber #envtuber #valorant #twitchclips https://t.co/AJLjganhti",05/03/2022,positive,0,8
Valorant,en,kaiyudokuna,,['vtuber'],Am live with Valorant now! #vtuber https://t.co/OG1fMxJyR5,05/03/2022,positive,2,9
Valorant,en,artimelly_,,[],@gemsloop yeah it would make sense that people wouldve just moved on to apex or valorant or - considering ovw was many peoples only fps - just other genres entirely,05/03/2022,positive,0,1
Valorant,en,punzlvjy,pronouns in carrd 📌 🏳️‍⚧️,[],ive decided to play valorant and try to forget about it https://t.co/kHOLRMRFdd,05/03/2022,neutral,0,0
Valorant,en,buwuzi,United States,['VALORANT'],"I need #VALORANT  friends, people to queue with :(",05/03/2022,negative,0,3
Valorant,en,kapefnbr,,[],@bofafnr @ngljade im gonna play valorant soon and be the highest rank in 1 day,05/03/2022,negative,0,0
Valorant,en,DipsGaming,"St Petersburg, FL",['Valorant'],"On my way to sweat my booty off on #Valorant all night with @LtBagz &amp; @ForRoyxlty 

Live on Twitch! @TheDojoBrand 
https://t.co/8OcBwAGTkN https://t.co/guVlrej37E",05/03/2022,positive,1,4
Valorant,en,bottomfragbaby,,"['ENVtuber', 'Vtuber', 'Valorant', 'twitchstreamer']","Valorant | Back to the ol' Grind https://t.co/ljfnof0U7l 
#ENVtuber #Vtuber #Valorant #twitchstreamer",05/03/2022,neutral,0,2
Valorant,en,justoceano,the ocean dumbass where else,[],sorta addicted to valorant :/,05/03/2022,negative,0,0
Valorant,en,jstn_prk,"Toronto, Ontario",[],just wait till this guy hear about valorant https://t.co/0v6oPdLCAu,05/03/2022,neutral,1,4
Valorant,en,Repraze_,,[],Playing solo in valorant is like testing your own sanity 💀💀💀,05/03/2022,positive,0,1
Valorant,en,LurkDaShadows,Lost,[],"Got my homie back on valorant… this man hasn’t played since Episode 1 Act 1 🫡 
Wish us luck",05/03/2022,neutral,0,2
Valorant,en,Orange_Guy_69,,[],@lightning_2100 thats what u get for playing valorant,05/03/2022,neutral,0,0
Valorant,en,sushiHH2,,[],Anyone wanna play valorant with me? &lt;3 https://t.co/626wr9uJRm,05/03/2022,neutral,0,0
Valorant,en,technikaTENSHI,pfp - @sorappane ,[],"I've really enjoy watching people play Valorant, but I know if I tried to play it again, I'd be completely lost",05/03/2022,positive,0,4
Valorant,en,urnotjustin,,['VALORANT'],"ULTIMATE PRISM COLLECTION #VALORANT 

https://t.co/PfhjQyJevW https://t.co/wqmCrJBzOA",05/03/2022,neutral,1,31
Valorant,en,PinFNBR,,[],Need 1 for valorant 5 stack with @Smallfn @JoelUk_ @fenjamie1,05/03/2022,neutral,0,0
Valorant,en,calvindeee,Neverland,[],Duality of a Valorant player 😭 https://t.co/b06mpoFBr0,05/03/2022,neutral,0,1
Valorant,en,fresa_luna_,,[],head empty except for Valorant✨  I’m currently hyper fixated on getting good at this game~,05/03/2022,positive,0,0
Valorant,en,ArikGatch,Philippines,['Valorant'],"ASTRA SMOKES ARE SO ANNOYING. #Valorant

🔗 https://t.co/Y60ajhuObv https://t.co/lBo2TimMlg",05/03/2022,negative,0,2
Valorant,en,wgdxdark,"Arlington, TX","['Playvalorant', 'Playgames', 'Gamers']","Check out Valorant Rank grind, can we climb Twitch channel changes coming! https://t.co/2Ifl04lFcS #Playvalorant #Playgames #Gamers",05/03/2022,negative,0,0
Valorant,en,lyrasvegaa,,[],"tried valorant once, never again. literally imagine liking valorant. i cannot 🤢",05/03/2022,neutral,0,2
Valorant,en,WolfysPlace,Valorant lobby probably ,[],I’m trying to get a group chat of valorant sound alike’s with PfP so if you are one HMU LMAO. we have omen and Phoenix 🙈 https://t.co/gjyXSsuCoS,05/03/2022,positive,0,3
Valorant,en,Skeksyyy,,"['PulsarStars', 'VALORANT', 'ValorantClips', 'valorantclutch']",Gotta do it all #PulsarStars #VALORANT #ValorantClips #valorantclutch https://t.co/ICKvuyFdTT,05/03/2022,neutral,0,2
Valorant,en,EmiliaRxse,Liverpool,[],@RiceFL_ @TJTrizzY_ I'm in a Valorant game but ty for using me for likes,05/03/2022,negative,0,0
Valorant,en,OfficialGrav,,"['VALORANT', 'twitch', 'twitchstream', 'smallstreamers', 'SmallStreamersConnect', 'gaming', 'gamingcommunity']",Live once again playing some #VALORANT   #twitch #twitchstream #smallstreamers #SmallStreamersConnect #gaming #gamingcommunity https://t.co/Rlm6cHSZ1w,05/03/2022,positive,0,2
Valorant,en,xjaybeeeeee,,[],I FINALLY GOT 30 KILLS IN VALORANT! SOMEONE TELL SAP AND PUNZ ILL CARRY THEM!,05/03/2022,negative,0,2
Valorant,en,godlyaudrey,she/her ,[],@Jonaaa6_VAL @ironduelistmain @neT_valorant jona why do u not follow me on twitter .,05/03/2022,neutral,0,3
Valorant,en,loreninhazap,art 🪴034,[],1 prata gold p ranked valorant now,05/03/2022,neutral,0,1
Valorant,en,wassupitsewhy,he/him,[],@ballermerk if fortnite can have a replay mode valorant should be able to have a replay mode,05/03/2022,positive,0,0
Valorant,en,katsurag1s,entp 8w7 - PFP @pildw,[],playing valorant is a form of self harm,05/03/2022,neutral,0,2
Valorant,en,iiamhector,"New Jersey, USA","['VALORANT', 'FEARLESS', 'valorantact3']",how to 1V4 clutch with omen 😮‍💨 #VALORANT #FEARLESS #valorantact3 https://t.co/xFMk6TUVco,05/03/2022,neutral,0,1
Valorant,en,ImRkyv, Yt Rkyv,[],"Shower then stream 

Reactions 
Valorant",05/03/2022,neutral,0,1
Valorant,en,DakaKindaSus,,[],"just a valorant meme for all the sova mains, RIP https://t.co/AiplSZKFc2",05/03/2022,neutral,0,1
Valorant,en,metaprogaming,New Market Maryland,[],Congrats🎊 to our undefeated champions for Valorant: @sfuesports! https://t.co/yRaAVlu2jj,05/03/2022,neutral,0,1
Valorant,en,dixuuns,61k,[],Viewers 10 mans is free clips on valorant itself 😈 https://t.co/DI54K0uS3B,05/03/2022,positive,2,20
Valorant,en,sixribbons1,,[],Ok it's time to try out other games soon. From valorant to FFXIV to dbd to strive it's gonna suck,05/03/2022,positive,0,2
Valorant,en,jaboosleYT,,"['VALORANT', 'ValorantMobile', 'MobileGame', 'mobilegames', 'mobilegaming', 'YouTube']","Getting Ready For Valorant Mobile! (HUGE Comeback) https://t.co/s21Rqz3zSi via @YouTube

#VALORANT #ValorantMobile #MobileGame #mobilegames #mobilegaming #YouTube https://t.co/b2oeQ2v1f4",05/03/2022,positive,1,10
Valorant,en,HuntersShelter,,[],@GhostGaming Manager from a good Valorant Roster,05/03/2022,positive,0,0
Valorant,en,LegendHarv2000,"Here, unfortunately.",[],"For example, the Bucky in Valorant is not a particularly good weapon, but oh man does it sound punchy, and it feels amazing to one shot people in the head with it, even if it only reliably does that like one in every three attempts.",05/03/2022,positive,0,0
Valorant,en,gooksays,"New Jersey, USA",[],@metalxslime @xcinseri i'm unionizing the bus drivers of valorant,05/03/2022,neutral,0,3
Valorant,en,calvindeee,Neverland,[],It's tilting when nobody communicates in Valorant. Even worse when they only speak to backseat or flame you.,05/03/2022,negative,0,1
Valorant,en,cowffeeeee,18ツshe/theyツinternet janitorツ,[],played 11 hours of valorant to go from P3 34 to D1 im going to gouge my eyes out and knock myself out for 3 months,05/03/2022,neutral,0,6
Valorant,en,nine_worthies,United States,['VALORANT'],"Live for the night

w/ #VALORANT

https://t.co/0SFxFC7zC4 https://t.co/3c5MCnGTQw",05/03/2022,positive,0,2
Valorant,en,SupradomTTV,,[],Early stream valorant solo que vibes hit man,05/03/2022,positive,0,1
Valorant,en,R1pF_,🇯🇵,['VALORANT'],"sheeeeeesh
#VALORANT https://t.co/wEgJ3tFyuz",05/03/2022,neutral,0,1
Valorant,en,ignmindblown,🇨🇦,[],looking for a good valorant duo,05/03/2022,positive,0,0
Valorant,en,starIiIy,orange ,[],@neT_valorant yupp dukk is fire if u can handle spice,05/03/2022,neutral,0,0
Valorant,en,MjClashing,"Hyderabad, India",['VALORANT'],clean movement tho ngl #VALORANT https://t.co/O3VWcGUbLc,05/03/2022,positive,0,1
Valorant,en,JeffLanda,Hospital on Guerrero Street,[],"Classic only, any % VALORANT speedrun.",05/03/2022,positive,0,41
Valorant,en,JLiszok,,['VALORANT'],I'd really like to see map selection in #VALORANT. Even if it could be only on ranked games. That would be my saviour to avoid breeze. https://t.co/C1dRgBDCIY,05/03/2022,positive,0,1
Valorant,en,tegiminis,Seattle,[],@konjak when someone says overwatch is like valorant i drink jet fuel instead,05/03/2022,neutral,0,1
Valorant,en,MellinaKong,jos ♡ | LA,[],"@neT_valorant Bro I got you if you’re in west LA 

Foodie: https://t.co/gkF47RjnKC

Gluten Free options: https://t.co/qw57ordsqP",05/03/2022,positive,0,3
Valorant,en,neT_valorant,LA,[],@DerrekOW will be picking you up in the guard 4runner. omw bring gas money plz ur kinda far,05/03/2022,positive,0,85
Valorant,en,vHFlight,my house ,[],My valorant career has started https://t.co/gvMYMDAuNN https://t.co/Cj4iyzCXjb,05/03/2022,neutral,0,0
Valorant,en,BBFGEsports,,"['VALORANTMasters', 'VALORANT', 'Fortnite', 'VALORANTfanart', 'Valorantgiveaway', 'valorantnsfw']",Report these kids BBFG doesnt have time for people who cant frag #VALORANTMasters #VALORANT #Fortnite #VALORANTfanart #Valorantgiveaway #valorantnsfw https://t.co/52uIjjMjEy,05/03/2022,neutral,1,5
Valorant,en,TVRevorant,"Bay Area, California ",[],I hate valorant with a fucking passion.,05/03/2022,negative,0,5
Valorant,en,LostTribe,,[],"We'll just say it, our May kickoff week looks insane!

Pass the Rock, Valorant, and a 3 day Yom HaAtzmaut celebration (you could win an xbox)! Don't miss out, and stay tuned for more details!

It all starts on Twitch: https://t.co/jMgBocrm2U

PTR on Facebook and Youtube! https://t.co/1ineaRNAoZ",05/03/2022,positive,1,2
Valorant,en,N1ghtwalkerr,LET'S FCKIN GOOOOOOO!!!,[],@shystitch_ The few times adhd is helpful. Saving you from Valorant hell,05/03/2022,negative,0,2
Valorant,en,westjett1,Drip Island,[],@_Od26 Valorant bunch every Death I bench press 225,05/03/2022,neutral,0,29
Valorant,en,AprilRains_,,[],"@atcasca Bro, you’re just too good for Valorant",05/03/2022,positive,0,1
Valorant,en,blanketsgg,18,[],@koalanoob HE’S KICKING HIS FEET WHILE HES PLAYING VALORANT!!,05/03/2022,neutral,0,0
Valorant,en,Chandiggitydog,,[],@GhostGaming Heyo! My names Chandiggitydog! I’ve been streaming for almost 8 months starting off with Minecraft but have been branching out to other games. I plan on making more content on other platforms VERY soon. I also play Valorant but I ain’t no pro! Hope you guys have an amazing day ❤️,05/03/2022,positive,0,32
Valorant,en,vampireg0th,"he/him, 21",[],"https://t.co/SRbDH2BujO
hiii im playing competitive in valorant for the first time",05/03/2022,positive,2,2
Valorant,en,CynBunny_,,"['ENVtubers', 'VTuberEN', 'VtuberUprising']",Live now play Valorant @ https://t.co/PIMpIlUkHq Stop by chat and even make me drop my guns! #ENVtubers #VTuberEN #VtuberUprising,05/03/2022,positive,3,5
Valorant,en,caZpew,Sub to my youtube right here👇,[],Valorant is calling my name rn,05/03/2022,neutral,0,4
Valorant,en,BroodingBrody,,[],"There's genuinely zero reason for zombs to lie about this shit either. Riot has regularly practiced predatory actions with their pools. Just look at any University event. 
https://t.co/kbJGm8RK0A",05/03/2022,positive,0,0
Valorant,en,DrLogicall,,[],"@Soap_Mactabish
congratz!!! please dm in the next 24h from this message and claim your $100 code for RGX bundle :) 

Thank you everyone that joined in the giveaway I do them monthly in my discord as well as my valorant coaching! https://t.co/SkrgVAFQyb",05/03/2022,positive,0,1
Valorant,en,Thenoggdogg,,[],@neT_valorant Just go to the grove,05/03/2022,neutral,0,0
Valorant,en,Taffss_,A ♡,[],"LFT

~ RiotID: Taffs#sexy // Discord: taffs#5825
~ Rank: Currently Immortal1, peak Immortal 2 171rr.
~ Agents: Astra, Brim, Omen, Viper, 
~ Experience: I have scrim experience. Tournament experience: 1st Place - Valorant Divergence Cup. Would like to add more. https://t.co/SBraoPGjNm",05/03/2022,negative,0,2
Valorant,en,DavePurp,,[],Hello riot games !! Please can i receive the riot gun buddy for my work of art xd  i know its uh a trace of viper but please . DavePurp#5171 @riotgames  @PlayVALORANT  @art_valorant  @RiotFeithen @RiotSupport https://t.co/0zmevtRVFH,05/03/2022,neutral,0,0
Valorant,en,Z4CK_P,"Your head, rent free",[],Valorant is actually the worst game I’ve ever played. Sad to see how trash the game has become.,05/03/2022,negative,0,0
Valorant,en,jjlynxrvk,22. CA. Rose Anne 🤍,[],No Valorant tonight only Lego orchids,05/03/2022,neutral,0,1
Valorant,en,NotionsTV,,[],"Racked up a lot of loot, then died twice because people were just spawning there. I think its time I just play Valorant!",05/03/2022,neutral,0,1
Valorant,en,sailorbruu,"New York, NY",[],Nothing pisses me off more in valorant than when my team is losing and some random says “knife fight mid? 🤓”,05/03/2022,neutral,2,56
Valorant,en,xGraves_,,[],Hopped back on Valorant for the first time in like 3 months... https://t.co/EvzRUPzeJL,05/03/2022,positive,0,4
Valorant,en,PlayWCF,,"['VCT', 'VALORANT', 'VCTChallengersNA', 'VCTNA']","Here are the Most Picked Agents from the first NA VCT  Stage 2 Open Qualifier!

The agent pick rate is based on all games apart of the Round of 32. 

Is Chamber too strong or does he just not have any competition in the Sentenial role?

#VCT #VALORANT #VCTChallengersNA #VCTNA https://t.co/o4MxES6a60",05/03/2022,positive,0,3
Valorant,en,mistmie,,[],fade from valorant reminds me of vi from arcane or league of legends,05/03/2022,neutral,2,18
Valorant,en,OfficialPlooob,,[],@jellyfish_val not harassing people in ranked all chat challenge in valorant (IMPOSSIBLE),05/03/2022,negative,0,3
Valorant,en,DipsGaming,"St Petersburg, FL",[],@MaruAFK Same… brb im gonna go play 6 hrs of Valorant,05/03/2022,neutral,0,1
Valorant,en,ykketgaming,United States,[],@GhostGaming An old CS boomer (going waay back to 1.3!) &amp; dad that streams mostly valorant atm 😀,05/03/2022,positive,0,2
Valorant,en,threeFPS,"maryland, usa",[],@Corey_OW yo you’re pretty good at valorant,05/03/2022,positive,0,2
Valorant,en,_HalcyonJ_,,[],gotta love @riotgames and their clients for not letting me load into my ranked games 5 times in a row. The amount of issues from Valorant is insane. THEN I get punished with a -28rr when I can't finish out or close a game -- great penalty system.,05/03/2022,negative,0,2
Valorant,en,Mang0Ebooks,,[],No cam practice Tryna squeeze a few games of valorant after.,05/03/2022,negative,0,0
Valorant,en,DraxusTheWagon,"New York, NY",[],VALORANT &amp; MTGA COMP!!! https://t.co/Trnwuor91h,05/03/2022,neutral,0,1
Valorant,en,Talio_birb,"Ohio, Layer 7 of Hell",[],@RxinyEyes_ please my friends all left me for valorant,05/03/2022,neutral,0,1
Valorant,en,AllexLmao,,[],@shitwaifus or go for ur masters and playing collegiate valorant pretty sure u can get full ride being im3+,05/03/2022,positive,0,0
Valorant,en,cnnrfps,"New York, USA",[],"yo im LF a valorant account with just ruin skins can pay with cashapp/venmo only, DM me with offers",05/03/2022,positive,0,1
Valorant,en,wtfdonutz,God Is Good,[],Any Valorant player wanna be in my montage just dm me don't comment below gonna be afk,05/03/2022,neutral,0,7
Valorant,en,DigglezGaming,,[],"‼️ Live ‼️ 

Live with the boys for some late night Valorant! 

And new alerts are up and running! Come and join in the fun!!

https://t.co/yOpVTAWVHS",05/03/2022,positive,2,2
Valorant,en,Izzyjunior2,,"['Forchilin420', 'VALORANT', 'twitch', 'Streamer', 'videogames', 'gaming', 'entertainment', 'twitter']",#Forchilin420 is now streaming #VALORANT https://t.co/eK3GFRpOAU #twitch #Streamer #videogames #gaming #entertainment #twitter,05/03/2022,neutral,0,2
Valorant,en,piltoversyordle,Bandle City ,[],No bc they acting like this on valorant too… https://t.co/imS5zW4geW,05/03/2022,neutral,0,1
Valorant,en,voltiage,,[],What’s your rank in Valorant?! I’m currently D3 and I would love to help out!!,05/03/2022,negative,1,16
Valorant,en,SylonTheTempest,Final Fortress,[],valorant is a trap,05/03/2022,neutral,0,1
Valorant,en,Clark35013015,,[],@GeorgeCGed George showing why he’s by far the worst valorant journalist my god,05/03/2022,negative,0,0
Valorant,en,AyeeItsCharlsen,,['VALORANT'],I guess I'm nuts sometimes #VALORANT https://t.co/ejBvqjZ9Cd,05/03/2022,neutral,0,2
Valorant,en,septive_,,['VALORANT'],That 3k 😭 #VALORANT https://t.co/0vsDBoZJW9,05/03/2022,neutral,0,2
Valorant,en,botisimostreams,"Dallas, TX",[],📢 Attention 📢 fpsgame Is Live Playing Valorant On Trovo https://t.co/4UC0XkEEQm,05/03/2022,positive,0,0
Valorant,en,kobeaniez,any prns,[],not to be a valorant liker but viper kinda… 🫣,05/03/2022,neutral,0,0
Valorant,en,MysticNuggies,,[],A return to streaming for the summer. Come drop by for some low elo Valorant gameplay.,05/03/2022,neutral,0,1
Valorant,en,goldenloba,777,[],"@riotgames @RiotSupport can we get a “heartless” title on valorant please, I’m on my knees begging, next battle pass please",05/03/2022,neutral,0,1
Valorant,en,Andrvtti,Los Angeles,[],Who on Valorant?,05/03/2022,neutral,0,0
Valorant,en,melee8247,Monaco,[],Would Valorant be better if it were 4v4?,05/03/2022,positive,0,0
Valorant,en,TomFaulty,🎪,[],"If anybody out there is leading Valorant eSports teams or knows anybody, Lloydies is a legend who would make a great addition to any team. https://t.co/dZjVOdPU5Z",05/03/2022,positive,0,2
Valorant,en,heyhall,"Des Moines, IA",[],@NeedforSchmied @MikesHD_ @seangares That is so much valorant. Need to hear the @ddkesports talk on the mental during that stretch.,05/03/2022,positive,0,32
Valorant,en,memii_sad,A whole new world,[],"We lost one round after like 3 rounds of winning in a row and I say ""this is so sad"" immediately get hit with ""stfu kinredd youre 3 and 3 stupid"" 

I guess it was toxic to have fun in chat :) Valorant ranked is for mean people only",05/03/2022,negative,0,1
Valorant,en,_Casuality_,On The Galaxy Far Away | IDN,[],"@aimlab Routine:
Monday: Aimlab
Tuesday: Destiny 2, Aimlab
Wednesday: Aimlab
Thursday: F1, Aimlab
Friday: F1 weekend, aimlab, Valorant
Saturday: F1 Weekend, Aimlab
Sunday: F1 weekend, Aimlab, Valorant",05/03/2022,neutral,0,1
Valorant,en,s7MDx,...,"['Fortnite', 'VALORANT', 'CallofDuty']","Hello! I am apart of the Executive Team for Team Alure! We are Recruiting players! 
We need: 
#Fortnite Creative &amp; Comp players
#VALORANT players
#CallofDuty players! 

DM me or join our discord to join!
https://t.co/XqBq9LyBla

Discord: 1.6k+
YouTube: 2k+
Twitter: 200+",05/03/2022,positive,2,2
Valorant,en,gnfsgolden,she/her,[],Check out BIRTHDAY BOY SLAYS AT VALORANT | !discord !tiktok !deaf https://t.co/QfyF8AaEWE,05/03/2022,neutral,0,0
Valorant,en,Shmoiglecw,"Coventry, England",[],@LEGOIdeas @PlayVALORANT you should make valorant Lego sets like a killjoy turret or a sova drone 👀👀👀👀👀👀,05/03/2022,neutral,2,2
Valorant,en,Windzstorm1,,[],mfs whose whole personality revolves around the immortal rank in valorant need help,05/03/2022,negative,0,0
Valorant,en,septive_,,['VALORANT'],That Jett shot 👀 #VALORANT https://t.co/RwQsxf3rya,05/03/2022,neutral,0,2
Valorant,en,shadVALORANT,radiant to shad,[],"Update .

Just Had A Massive Fight With My Parents I Can No Longer Play Valorant During The Week. My Dad Broke My Monitor In A Fit Of Rage. And Has Taken My PC Away Aswell, I Don’t Know The Future Of My Valorant Career, But I Doubt I Will Be Able To Play VCT Today Sorry shadVAL",05/03/2022,positive,0,11
Valorant,en,nomanwolf1,Responsive at least 24/7| Just,[],Playing some Valorant [No Mic] https://t.co/hrtGgooaf2,05/03/2022,neutral,0,0
Valorant,en,andromusnelson,"Maryland, USA","['smallstreamer', 'twitchstreamer', 'VALORANT', 'gaming']",Live right now playing some valorant over on twitch come chat awhile Playing some valorant come by and watch if ya wanna https://t.co/JArdUP8bXr #smallstreamer #twitchstreamer #VALORANT #gaming,05/03/2022,positive,0,3
Valorant,en,YaBoiToxix,"Toronto, Ontario",[],"Maybe I accidentally hit 6:30 instead of 6:45... or maybe I just wanted to play Valorant with Lu and Dakota... you can decide the answer.

spoilers its valorant
https://t.co/gyeVjR6sAk
https://t.co/gyeVjR6sAk https://t.co/WhVCXKCCEU",05/03/2022,neutral,0,0
Valorant,en,no_viewers,,[],"tekkyy has been streaming VALORANT for 100 minutes and no one's watching them, go say hi and make their day https://t.co/AalX5I0be6. Tag your favourite VALORANT streamer.",05/03/2022,neutral,0,0
Valorant,en,slicesthroat,06 | eng/esp,[],im gonna get valorant on this shit @marlborofan7391 https://t.co/UWgAp6INsJ,05/03/2022,negative,0,5
Valorant,en,onlyiEat,,"['VALORANT', 'ValorantGiveaway', 'VALORANTMasters', 'ValorantStream', 'YouTubeGaming', 'YouTubePartner', 'Giveaway', 'Giveaways']","https://t.co/E7NT3qPE78

LIVE NOW! COME SAY HI!

#VALORANT 
#ValorantGiveaway 
#VALORANTMasters 
#ValorantStream 
#YouTubeGaming 
#YouTubePartner 
#Giveaway 
#Giveaways",05/03/2022,positive,2,0
Valorant,en,drbepperr,On twitch,"['valorant', 'smallstreamer', 'SmallStreamerCommunity', 'SmallStreamerConnect']",That 360 tho #valorant #smallstreamer #SmallStreamerCommunity #SmallStreamerConnect https://t.co/T3uCqezcJz,05/03/2022,neutral,0,6
Valorant,en,livaimeeriley,Ben’s Valorant Duo 🥵,[],"Valorant just doesn't want me, Ben and Tyler to trip tbf, scammed",05/03/2022,neutral,0,1
Valorant,en,runitback_gg,,"['VALORANT', 'VCT']","Outstanding Performers — May Week 1

Player: @KING_BABYBAY - @FaZeClan 
Team: @NRGgg 

Journalist: @_SushantJha 
#VALORANT #VCT 
https://t.co/Mz34lOOl3A",05/03/2022,positive,0,8
Valorant,en,nistarrr,,[],im gonna do the valorant agents as kpop songs soon,05/03/2022,neutral,0,1
Valorant,en,sh1mm3r_san,,['VALORANT'],"Let's fcking gooooooooooooooooooooooo
#VALORANT https://t.co/WuMzfheetN",05/03/2022,neutral,2,3
Valorant,en,despisefps,,[],need a valorant duo. game is so boring when playing alone,05/03/2022,negative,0,1
Valorant,en,h2nnyu,kumi steven ev lilly asad ,[],valorant now https://t.co/4tNG2T9QVE,05/03/2022,neutral,0,5
Valorant,en,nefaustow,,[],"@nanoya___ So.. if there are a lot of good games, why you say ""csgo&gt;valorant"". That just no make sense",05/03/2022,positive,0,0
Valorant,en,theScoreesports,,['VALORANT'],"Dicey with a HUGE 3k 😳😳 @diceyzx 

#VALORANT | via @ValorantEsports https://t.co/drdyfff14S",05/03/2022,positive,0,22
Valorant,en,_GreyVT,twitch.tv/GreyVT,[],do I commit to becoming a VALORANT streamer and face eternal doom,05/03/2022,positive,0,5
Valorant,en,glitterynana,she/they | ael,[],"valorant teams are just scooby doos characters 

fred ego peaks, confidence 200000
daphne the one that actually have aim
velma the brain, has the strats
shaggy morale player, accidentally does some nice shots
scooby seems lost all the time, more scared than anyone",05/03/2022,positive,0,0
Valorant,en,BoomerantsDaily,Earth 1,[],"@GhostGaming We are a community for Boomers. Not really all Boomers but more for older/mature Valorant players with special skills here and there like producing streamed games, casting games, observing games, creating agent contents, editing layouts and etc.",05/03/2022,positive,0,0
Valorant,en,BlaineThePainTV,United States,[],@sealiest Does he play Valorant?,05/03/2022,neutral,0,1
Valorant,en,myokaga,20 | thane ,[],@eternaIknight i love valorant,05/03/2022,positive,0,0
Valorant,en,LowJoeTV,United States,[],"I love video games. Like this tweet if you love video games. Tell me what your favorite? VALORANT, is beating Fortnite for me Right now..",05/03/2022,positive,0,16
Valorant,en,vtsymphonia,i: @srn_111 | h: @reia_76,['symphlive'],"♪ -- streaming schedule [ 05/02 - 05/08 ] 🎶🐇

exciting week! maybe i’m a liar and i’ll switch to valorant on some days who knows! 💚💙 

discord: https://t.co/aHhs4FrAoD
twitch: https://t.co/bw7W8nXP0a

#symphlive https://t.co/jo0TNqGnWL",05/03/2022,positive,2,5
Valorant,en,nickbruh_mero,626+909,[],@The_Katdawg im waiting on tng to release my valorant video,05/03/2022,neutral,0,0
Valorant,en,Prolich3,,"['VALORANT', 'ValorantArt', 'VALORANTfanart', 'fadevalorant']","""Starting to post daily..."" 4 months later:
Better late than never? :0
#VALORANT #ValorantArt #VALORANTfanart #fadevalorant https://t.co/CvAvZTvutL",05/03/2022,positive,0,9
Valorant,en,JordanHernn,,[],i swear everytime i queue up comp in valorant my teammates are drunk or high,05/03/2022,negative,0,1
Valorant,en,ChillPain3,三角筋,['VALORANT'],"#VALORANT  
SAGE Good night https://t.co/3IiULwdfHj",05/03/2022,positive,0,1
Valorant,en,CasualJack65,,"['VALORANT', 'MetGala', 'SmallStreamerConnect', 'twitch']","Hey playing some #VALORANT come and join 
https://t.co/Uo8Gxw7VFA
#MetGala #SmallStreamerConnect #twitch",05/03/2022,neutral,0,1
Valorant,en,Arachnomancer1,"Gadsden, AL",[],Awkward to Diamond!! - Playing with friends || AIMLAB &amp; VALORANT || https://t.co/gfouGbX4mS,05/03/2022,negative,0,0
Valorant,en,vvaffIe,Chicago | 🇲🇽 | 21,[],Valorant Noobs goof around - Come chat! :D https://t.co/PpjD7jJtk8,05/03/2022,positive,1,2
Valorant,en,ThisIsKyrin,Making beats somewhere,[],TSM Valorant is back 🥺,05/03/2022,neutral,0,0
Valorant,en,ultrahyper__,"Toronto, Ontario",['buffphoenix'],valorant clip day 4 - 1/9/22 - #buffphoenix https://t.co/O6h2rA8FFB,05/03/2022,neutral,0,2
Valorant,en,ImJustSayinFact,,[],"@GeorgeCGed Also doing a project on overweight VALORANT players. If you’re a 5’8” round shaped, heavy breathing mf, DM me.",05/03/2022,negative,0,0
Valorant,en,juniya_vt,pp/h: danvers_z ,[],"valorant player that says ""don't look at me"" after wasting an entire clip on the wall and dying",05/03/2022,neutral,0,44
Valorant,en,jeansusednapkin,PA - she/they,[],wanna go home n play valorant,05/03/2022,neutral,0,1
Valorant,en,NotRunic,,[],i feel like shit rn irl but im playing the best valorant of my life rn despite demoting,05/03/2022,positive,0,1
Valorant,en,ThePrimeAsian,"Connecticut, USA",[],"@77keira7 You play Valorant, CS, R6, or Rogue Company? Looking for more friends to play with",05/03/2022,positive,0,1
Valorant,en,King_Covz,,"['overwatch', 'overwatch2beta', 'OW2', 'valorant', 'NA1gamer']","Overwatch 2 beta things, then some val at 8 :) https://t.co/xFudxQJ2cq #overwatch #overwatch2beta #OW2 #valorant #NA1gamer",05/03/2022,positive,0,0
Valorant,en,ProfessorZappy,,"['streamer', 'valorant', 'gamer', 'twitch', 'live', 'retweet']","Comp grinding can we get some RR today boys and girls!
https://t.co/JhwMGKOmuJ

#streamer #valorant #gamer #twitch #live #retweet",05/03/2022,positive,0,3
Valorant,en,ChillPain3,三角筋,['VALORANT'],"#VALORANT  
RAZE https://t.co/2i7PiV66Z8",05/03/2022,neutral,0,1
Valorant,en,WolvesWTF,Twitch 👉,[],@Aeolus @GhostGaming Me i am a valorant player / content creator,05/03/2022,neutral,0,0
Valorant,en,kaiyudokuna,,"['vtuber', 'VTuberEN']",Going Live with Valorant in 30 minutes! Come hang out or join me for a couple of games #vtuber #VTuberEN,05/03/2022,positive,0,2
Valorant,en,theanimeDragon1,"Victorville,CA",[],@Tiffxxny Lmao because of valorant my aim is on point,05/03/2022,positive,0,0
Valorant,en,Drift0r,"Dallas, Texas",[],Riot Games is doing a complete overhaul of Valorant eSports and including a path-to-pro mode in game! It seems like they want to have a lot of local and smaller leagues for players to join. https://t.co/j9Jarn8NVZ,05/03/2022,negative,1,16
Valorant,en,shiinasleepy,,[],"i am playing video game valorant meow

https://t.co/1XRdnxvNo2",05/03/2022,negative,1,2
Valorant,en,ChongoFett,Morioh,[],"@dammit_dolan @JEFFERSON2049 @sacrediconpod Valorant has more toxic people playing the game, but Halo has a way worse online presence",05/03/2022,negative,0,0
Valorant,en,dayeonics,any prns 16 mexican lesbian ,[],LMFAO MY BROTHER JUST TRIED PLAYING VALORANT..,05/03/2022,neutral,0,0
Valorant,en,MaruAFK,,[],"I like the idea of Valorant, I like to watch Valorant, I like following Valorant.

But I don’t like playing Valorant.",05/03/2022,neutral,0,13
Valorant,en,jamre469,USA,[],"Having some fun on Valorant

https://t.co/H2zYpak1J2",05/03/2022,positive,0,0
Valorant,en,xYoMikey,,[],"we live wit some valorant and maybe apex later
https://t.co/LWFqgfewvK",05/03/2022,positive,0,0
Valorant,en,Alexcod556,,[],@phaandafn time to get off valorant,05/03/2022,neutral,0,9
Valorant,en,luminastarr,,[],when the valorant intro song calms u down from an anxiety attack 😩😩😩,05/03/2022,negative,0,0
Valorant,en,EighthGaming,Launching Spring 2022,[],"New Esports Logo!🔥

Hosting Tryouts for our VALORANT team this month. https://t.co/rdDxci4VhZ",05/03/2022,positive,8,44
Valorant,en,blsaVAL,,['VALORANT'],radiant comp clips #VALORANT https://t.co/qGgQlmCVtg,05/03/2022,neutral,0,4
Valorant,en,Exsoum,🇨🇦🇩🇪,[],I need valorant friend :) went from imm to diamond 2 in 1 days pls i need some help,05/03/2022,positive,0,0
Valorant,en,YoTurq,"Luton, England",[],"Selling Valorant account. Ruination Phantom, Ruination Spectre, Ruination Ghost, Sentinels Of Light Bundle, Oni Phantom, Recon Balisong, Gaia's Wrath. DM your best offers https://t.co/HqDHwC6vzq",05/03/2022,positive,0,0
Valorant,en,JustTopdeck,,[],"@GhostGaming Graphic Designer with extensive history in the esports and tournament scene, as well as aspiring Valorant player!

Prior coach/player exp. on collegiate and semipro teams for non-Valorant games. Looking to compete in Valorant under the Sentinel/Initiator roles. Resume on request!",05/03/2022,neutral,0,16
Valorant,en,SMShawk,"Manchester, England",['VALORANT'],"Finally hit Plat in ranked! #VALORANT 🥳🥳

It only took not playing Sova anymore... 🥺 https://t.co/3TdUAWV8LI",05/03/2022,neutral,0,2
Valorant,en,CloutedTC,,[],This song better than Valorant https://t.co/dT7ousw2Ze,05/03/2022,positive,0,0
Valorant,en,laihoo_val,,[],"@melanji - math girl 
- so good on valorant
- best rolemodel

damn you are perfect, goodluck mel!",05/03/2022,positive,0,0
Valorant,en,YT_NinjaChris,Your Moms House,[],@GhostGaming Valorant player I’m good,05/03/2022,positive,0,0
Valorant,en,lylixyon,Turkey,[],"when you make someone crazy on valorant only using the word ""aşko"" https://t.co/OxMke6Au0s",05/03/2022,negative,4,11
Valorant,en,RubnGamer321,,"['valorant', 'cuchillo']","if someone gift me the butterfly rgx i Will be so Happy 🥹🤙
#valorant #cuchillo",05/03/2022,positive,0,0
Valorant,en,kHA05S,Mars,[],@GhostGaming Fortnite and valorant,05/03/2022,neutral,0,0
Valorant,en,KatastropheVT,,[],"@hestia_lockley I think they're both pretty difficult to start with. Pretty competitive games and very different. I personaly get comfortable with fps first, by playing singleplayer fps games, then after a while I might consider multiplayer games. But I think Valorant is easier to start with.",05/03/2022,positive,0,0
Valorant,en,Do_Not_Argue,,"['DoNotArgueVIP', 'DoNotArgue', 'ClipCreator', 'VALORANT', 'TwitchClips', 'tsu__gg']","#DoNotArgueVIP Clip

https://t.co/DQTeU5BsNM

#DoNotArgue #ClipCreator #VALORANT #TwitchClips #tsu__gg",05/03/2022,neutral,1,1
Valorant,en,kittymorphz,"Texas, USA","['valorant', 'VALORANTfanart', 'ValorantArt', 'RiotGames', 'fanart']","drew Fade from @PlayVALORANT strictly with ink 🖋🖤 

ngl she’s my new main 👀 

Face your fears! 👻

#valorant #VALORANTfanart #ValorantArt #RiotGames #fanart https://t.co/gR3VFhzRvV",05/03/2022,positive,6,18
Valorant,en,izzylikeswater,valorant,[],me when valorant https://t.co/31hsdEn5uK,05/03/2022,neutral,0,2
Valorant,en,UA_MattyIce,,[],"@GhostGaming I am a 15 year old Valorant player, Immortal 2, helped coach for @UptimeUnited and IGL for their Academy team, and the goat @LionBlaze246's younger brother!!",05/03/2022,positive,1,11
Valorant,en,LlamaDevGames,,[],@pezfisk Playing valorant at anytime is a whole different story,05/03/2022,positive,0,0
Valorant,en,FFlawv,,[],@sullycasts valorant accent achieved,05/03/2022,neutral,0,6
Valorant,en,Eggitoo,,[],@GhostGaming Immortal valorant player and small streamer :),05/03/2022,positive,0,1
