Keyword,Language,Username,Location,Hashtags,Fulltext,Create at,Sentiment Value,Sentiment,Totalretweet,Totalfavorite
Valorant,En,fooeypebbow,,[],VALORANT is 12% running and gunning and 88% your friend pinging you to get on but when you do they already started a game without you,04/16/2022,-0.4,negative,0,3
Valorant,En,VitaminTease,"Texas, USA","['live', 'twitch', 'streamer', 'gamergirl', 'VALORANT']","Day 3 of giveaway! Pulling 3 winners!! Come come! https://t.co/ifTyYiBVox 
#live #twitch #streamer #gamergirl #VALORANT",04/16/2022,0.13636363636363635,positive,1,3
Valorant,En,numfreeze,USA,[],@Blackrose_Kimmy Nothing like the feeling of being rushed üòÇ heard your giving Valorant a shot tonight? Knock ‚Äò‚Äòem dead üíÄ,04/16/2022,-0.2,negative,0,0
Valorant,En,WinningArena11,,"['Newsnight', 'Vanguard', 'Easter', 'VALORANT', 'PainterOfTheNight', 'OsinbajoJosSpeech', 'CashAppTaxes', 'BidenIsALaughingstock', 'Coachella']",Start making daily winnings with a fixed game today. All games are 100% sure and tested. This is the winning family @WinningArena11 WhatsApp +2347046778815 #Newsnight #Vanguard #Easter #VALORANT #PainterOfTheNight #OsinbajoJosSpeech #CashAppTaxes #BidenIsALaughingstock #Coachella https://t.co/giX6SleybX,04/16/2022,0.13999999999999999,positive,1,1
Valorant,En,the_realdip,,[],Valorant Funny Moments with Friends :D #1 https://t.co/33uH6tIr23 via @YouTube,04/16/2022,0.625,positive,0,0
Valorant,En,jadedjenney,"London, England",[],my valorant career history finally seeing some green ü•πü•π,04/16/2022,-0.1,negative,0,8
Valorant,En,jayroltv,,['VALORANT'],"valorant should add an inventory system where you can organize and separate your favorite / most used skins with battle pass skins / skins you don‚Äôt use ect, #VALORANT",04/16/2022,0.5,positive,0,0
Valorant,En,xpiatv,he/him,[],@padthaiis me but with valorant and i don't regret it,04/16/2022,0.0,neutral,0,2
Valorant,En,foreignerjpg,22 | she/her | bi ,[],This is what I listen to while playing Valorant https://t.co/hwyg2pp9K7,04/16/2022,0.0,neutral,0,51
Valorant,En,33s_Mimu,,[],"Someone really tried to tell me @GenG was a women's Valorant team... Like no, Gen.G is an entire esports organization that just so happens to have teams in 3/4 major esports.",04/16/2022,0.08750000000000001,positive,0,0
Valorant,En,zayameww,+18 only pls || Portugal,[],"if you are a girl and you play valorant 

i love u",04/16/2022,0.5,positive,1,7
Valorant,En,zKar1na,@NoAimGang_ @snipinglies,[],I have changed the valorant name,04/16/2022,0.0,neutral,0,1
Valorant,En,starfallrainy,in the sky~,[],im so fucking done with valorant the game is fun but i cant find myself motivated to engage with a community so overwhelmingly ready to either forgive sexual assault or willfully pretend it didnt happen,04/16/2022,1.1102230246251566e-17,positive,0,3
Valorant,En,BazziVAL,Canada,[],"Valorant Tips: Yoru decoys don't stop walking when it hits a wall but if they do, they are not a clone.

Follow for more tips :)",04/16/2022,0.5,positive,0,4
Valorant,En,cIapsie,droptoplexus,[],bro those voice acting things in the firing range are insane i need a valorant story mode now.,04/16/2022,-0.5,negative,0,0
Valorant,En,JadeisPeachii,,[],"I‚Äôm not gonna lie my two favorite valorant content creators and streamers both have had something to do with chamber, and that‚Äôs okay! ü•≤ü•∫ 
I totally don‚Äôt simp for chamber.. 
BUT SERIOUSLY check them out they are both amazing, I love them sm! @DramaticYT_ @Jollztv ü§çü§ç",04/16/2022,0.3361111111111111,positive,1,4
Valorant,En,Allyora2,,['VALORANT'],"Hey I am almost Top 10,000 NA on Valorant again looking for buddies to add to the Wolf girl Dominace :3 
#VALORANT https://t.co/R7L7TqvKoG",04/16/2022,0.5,positive,0,0
Valorant,En,shadowofjazz,"Houston, TX","['PuppyCam', 'Valorant', 'SmallStreamer']",Will be live later tonight around 8:30-9:00 CT with puppy cam + Valorant! #PuppyCam #Valorant #SmallStreamer https://t.co/WTun1VQU5q,04/16/2022,0.06818181818181818,positive,0,2
Valorant,En,Dionwalid2,,[],"Some valorant 

https://t.co/T82QNw19Rz",04/16/2022,0.0,neutral,0,2
Valorant,En,e1So_,"Middle River, MD",[],Fortnite Solos Then Maybe Some Improvement On Valorant https://t.co/01wwRJgIF1,04/16/2022,0.0,neutral,2,1
Valorant,En,twohandeddeath,California,[],7 days to die twitch integrated try to kill me. Its horde night! Then maybe some valorant later? https://t.co/8eBKXuHJqQ,04/16/2022,0.0,neutral,0,1
Valorant,En,gothicadanie,,"['twitchaffiliate', 'eldenring', 'valorant', 'twitch', 'gamergirl']","I'm going live on twitch! Come hang out with me! https://t.co/4x0j3dPk42

#twitchaffiliate #eldenring #valorant #twitch #gamergirl
https://t.co/G7yGO1rSSD",04/16/2022,0.2130681818181818,positive,0,3
Valorant,En,jillylove,"Woodbury, MN","['VALORANT', 'ValorantMasters']",I have been wrong on almost every match Pick Em for Reykjavik. ü•≤ #VALORANT #ValorantMasters,04/16/2022,-0.5,negative,0,0
Valorant,En,Bossnesscris,Brooklyn NY,"['Valorant', 'Twitch', 'Twitchstreamer', 'smallstreamer']","More Ranked VALORANT  https://t.co/geO0Hb3w1V
#Valorant #Twitch #Twitchstreamer #smallstreamer",04/16/2022,0.5,positive,0,1
Valorant,En,OceanicBouquet,I:@strawbilly,[],@domoarigathanks have a valorant accent without even realizing it,04/16/2022,0.0,neutral,0,4
Valorant,En,SamagameC,,[],We know the participants of the VALORANT CRUNCHIPS¬†CUP https://t.co/PiG10JAwxS,04/16/2022,0.0,neutral,0,0
Valorant,En,Valerovzla,"Frisco, TX",[],Valorant is exciting To Watch,04/16/2022,0.3,positive,0,3
Valorant,En,oonerg_,she/they/he | 17 | lesbian :),[],"variety night with the sms crew! gartic phone, valorant, minecraft :D https://t.co/yl1Qt4kbYa",04/16/2022,1.0,positive,1,2
Valorant,En,EsportsConcord,"Athens, WV","['hyperx', 'bleedmaroon', 'bringthepassion', 'valorant']","GG‚Äôs to @WVUEsports came down to the wire! Good luck in Atlanta and make sure to represent West Virginia well!!

#hyperx #bleedmaroon #bringthepassion #valorant https://t.co/W5hUlQjHqq",04/16/2022,0.4289351851851852,positive,0,1
Valorant,En,MikaelNambongg,"Los Angeles, United States ",['VALORANT'],"@AlbertsStuff roblox sooo cool story cool but mine.. *giggles* *twerks*

New Bundle: RGX 11z Pro 2 | #VALORANT 

Includes Phantom, Operator, and a Butterfly Knife Melee.",04/16/2022,0.27878787878787875,positive,0,0
Valorant,En,ComposedDrama,,"['VTUBER', 'tweetshiftbot']","Hello hello! |Live Now!| After getting a cold, I am finally back to streaming!! Let's play some Valorant!  @ellarracy will be joining, as usual!

Let's do this!! #VTUBER

#tweetshiftbot
https://t.co/13ckyAIEmN",04/16/2022,-0.22945667613636364,negative,0,0
Valorant,En,iluvsensei,still kings canyon ,[],Valorant I'd truly a wild game. But I'm still gonna play it.,04/16/2022,-0.15000000000000002,negative,0,0
Valorant,En,ItsDurrik,"Qu√©bec, Canada",[],@IRedgarI @DRX_VS @OpTic I love how passionate you are about the game man. Such a great figure in Valorant. &lt;3,04/16/2022,0.17,positive,0,6
Valorant,En,lilstarro,6 feet under,[],@Benzival @lavn4h a simple ‚Äúi miss u star valorant let‚Äôs kiss‚Äù would‚Äôve worked,04/16/2022,0.0,neutral,0,1
Valorant,En,sianortc,,[],"@realDonaldDuk My favorite hobbies arent related at all but i like to play competitive games like valorant and lol and read old literature, mainly romance - like Shakespeare and Bront√´

that smol boy here is full of drip and has over 1000iq https://t.co/NqgI3zfQdM",04/16/2022,0.3194444444444445,positive,0,2
Valorant,En,foreignerjpg,22 | she/her | bi ,[],@noremacVAL I played 15 games of Valorant today,04/16/2022,0.0,neutral,0,0
Valorant,En,Ferzin__,"Recife, Brasil",[],@FionnOnFire Press F for Jail Valorant,04/16/2022,-0.1,negative,0,2
Valorant,En,ellarracy,"Las Vegas, NV","['VALORANT', 'Vtuber']",[Live ]  üéÄIt's Friday! Rank Grind -   Let's Go!     #VALORANT . Come hang out and see.  #Vtuber   https://t.co/q25nDr8HwM  üéÄ,04/16/2022,-0.4147727272727273,negative,0,0
Valorant,En,SwordfeeshNA,"Denver, CO",[],"@frostyZK @6syfi @shenFPS Can play duelist/chamber/ or whatever tf you want If you‚Äôre comfy with me not being experienced on an agent, can supply rides, have played on these setups for a valorant LAN, have online tourney experience ü•≤",04/16/2022,0.8,positive,0,0
Valorant,En,AzzaBennett_,,[],@ReQzvl Dam now I need to log onto valorant to cure my anxiety,04/16/2022,0.0,neutral,0,1
Valorant,En,Silitified,,[],@8Hepu Valorant nigga these days?,04/16/2022,0.0,neutral,0,1
Valorant,En,Strawbe12137237,"Austin, TX","['VALORANT', 'Twitch', 'TwitchTv', 'twitchstreamer', 'twitchaffiliate', 'TwitchStreamers', 'SupportSmallStreams', 'SupportSmallStreamers']","Going Live: Good Vibes Only 
Game: #VALORANT 
Link: #Twitch #TwitchTv #twitchstreamer #twitchaffiliate #TwitchStreamers #SupportSmallStreams #SupportSmallStreamers 
Link: https://t.co/EmkUHmRd9P",04/16/2022,0.10909090909090907,positive,0,6
Valorant,En,DahasSami,like I would tell yall my loca,[],"@TheRealBrayLB @lorenzobenzo527 @ValorLeaks Imagine: Valorant//TheBig3 Crossover. Luffy, Naruto and Ichigo",04/16/2022,0.0,neutral,0,2
Valorant,En,femmemahito,19 theyshe sapphic,[],"I NEED MUTUALS

chainsaw man
jujutsu kaisen
demon slayer
naruto
the witcher
league of legends
valorant
apex legends

pls befriend me",04/16/2022,0.0,neutral,0,1
Valorant,En,GamersIntellig1,,[],New VALORANT initiator agent name leaked https://t.co/TTeosFlWDX,04/16/2022,0.13636363636363635,positive,0,0
Valorant,En,FionnOnFire,"Los Angeles, CA",[],"DRX locked down Jail VALORANT

DRX locked down PRX's Yoru

Now let's see if the detectives can track down and lock down Optic's Neon in the next series!",04/16/2022,-0.12037037037037039,negative,2,302
Valorant,En,Oggnator1x,,[],Anyone Selling Valorant With Skins? Mention Them Please.,04/16/2022,0.0,neutral,0,6
Valorant,En,urnotjustin,,['VALORANT'],absolute insanity to think we are getting a 2.0 of RGX let alone anything! RGX is the perfect collection for a 2.0 as well. I truly don‚Äôt think any other bundle would have been right for it. RGX OP AND BUTTERFLY KNIFE?! LIKE THIS IS HYPE AS IT GETS! #VALORANT,04/16/2022,0.39285714285714285,positive,4,83
Valorant,En,GuriaGaming,,[],@KaizoPengu I didn‚Äôt even think this was Valorant I thought it was a selfie Kaizo. üëÄ,04/16/2022,0.0,neutral,0,2
Valorant,En,H3CZ,"Frisco, TX",[],"LETS FKN GO @OpTic Valorant!!! 2-1 over the Guard, love being NA‚Äôs hope!

GG‚Äôs Gents @chetsingh @Crashies @victorwong @Marved6 @FNS @yayFPS y‚Äôall are NASTY!",04/16/2022,-0.1875,negative,81,3076
Valorant,En,stats_live_es,,"['Alexby11', 'Twitch', 'Streamers']","üåçTop streams en el mundo a las 01:50 (Hora ESP)üåé

ü•á xQcOW‚ûñViewers: 81.633
ü•à VALORANT‚ûñViewers: 54.799
ü•â DisguisedToast‚ûñViewers: 54.661
4) tarik‚ûñViewers: 47.564
5) #Alexby11‚ûñViewers: 43.942 üî∏
6) mistermv‚ûñViewers: 35.509

(üî∏ = Habla hispana )

#Twitch #Streamers",04/16/2022,0.0,neutral,8,123
Valorant,En,TizaTryhards,"Los Angeles, CA",[],"Hi. I don't work on VALORANT or VCT. I don't know anything about any league decisions or investigations, but either way I am not going to leak investigation details just because you ask - nicely or otherwise.",04/16/2022,0.6,positive,0,14
Valorant,En,MrColdHollow,United States,[],"Live playing some Death Stranding, and maybe we come out of retirement and play some Valorant...haven't played in 22 hours. 

https://t.co/WwMZZ32AFr",04/16/2022,0.13636363636363635,positive,0,2
Valorant,En,SoloQueGamer,,"['Overwatch', 'Valorant']","After 500 hours of #Overwatch , I have retired that title and moved to #Valorant.. NO REGRETS. IM HAVING A BLAST.",04/16/2022,0.05,positive,0,0
Valorant,En,Sweepz_,Sweepzone,"['VALORANT', 'ValorantMasters']",Well done @optic what a game #VALORANT #ValorantMasters,04/16/2022,-0.4,negative,0,1
Valorant,En,JackalVT,"·¥Ö·¥è…¥‚Äô·¥õ  ô·¥á s ú è, ·¥Ä…™ ·¥Ñ·¥Ä…¥‚Äô·¥õ  ô…™·¥õ·¥á!~‚ô°",[],"im playing elden ring now and trying to make some quick prog before i go get dunked on by better players in valorant offstrim!!

you will show up! https://t.co/P8AEr212Xk",04/16/2022,0.6549479166666666,positive,1,8
Valorant,En,qxayn,,[],@Zeloily i want so much cause I have no skins in valorant,04/16/2022,0.2,positive,0,0
Valorant,En,peadFPS,,[],"Valorant Masters Reykjavik power rankings post playoffs  round 1 

1- @G2esports ‚ÜîÔ∏è
2- @DRX_VS üìà
3- @LOUDgg ‚ÜîÔ∏è
4- @OpTic üìà
5- @TheGuard üìâ
6- @pprxteam üìà
7- @TeamLiquid üìâ
8- @AIMWITHPRIDE 

üìà= up from last rankings 
üìâ= down from last rankings 
‚ÜîÔ∏è= same as last rankings",04/16/2022,-0.05925925925925927,negative,0,0
Valorant,En,ZiTRRRo,18,[],@TeamSynergy Valorant player/cc high imm :),04/16/2022,0.33,positive,0,1
Valorant,En,EzSy__,,"['DRXWin', 'Opticwin', 'VALORANT', 'ValorantMasters']",Congrats to all teams! Well Played! #DRXWin #Opticwin #VALORANT #ValorantMasters,04/16/2022,0.0,neutral,0,1
Valorant,En,gamerl0af,gamerloaf,[],i hate valorant it‚Äôs dumb stupid and bad and it‚Äôs dumb and stupid and it‚Äôs terrible and it‚Äôs idiotic and not good and bad AHHHHHHHHHH,04/16/2022,-0.6566666666666666,negative,0,1
Valorant,En,xielainz,any prns! ic ÈòøÊ≠¢ichigo (weibo),[],i‚Äôm a valorant gamer again it‚Äôs kinda fun,04/16/2022,0.3,positive,0,0
Valorant,En,DeclanSkyys,,[],if i queue a valorant game on europe servers i should NOT be dealing with my team talking russian then complaining when i don‚Äôt do what they ask because i can‚Äôt speak RUSSIAN,04/16/2022,-0.13333333333333333,negative,0,6
Valorant,En,kosmiqdivide,,"['VALORANTMasters', 'VALORANT', 'VCT']","New Agent Name: Fade 

 #VALORANTMasters #VALORANT #VCT",04/16/2022,0.13636363636363635,positive,0,0
Valorant,En,iaampascal,18,[],might play valorant,04/16/2022,0.0,neutral,0,2
Valorant,En,RainyKomics,,[],"when ur too lazy to do lineart(also too lazy spell ""you're"" properly??)

also, 100% not inspired by Astra from Valorant https://t.co/sxSnWZGmXy",04/16/2022,-0.16666666666666666,negative,0,0
Valorant,En,meeatramen, CA,[],Road to Partner !!! (playing valorant ranked or is val ranked playing me ?? ) https://t.co/kHvo1Kop2x,04/16/2022,0.0,neutral,0,0
Valorant,En,LivixFPS,,"['VALORANTMasters', 'VALORANT', 'VCT']",LET'S GO OPTIC WON #VALORANTMasters #VALORANT #VCT,04/16/2022,0.0,neutral,0,0
Valorant,En,Acdow1,,[],PC STREAM SOON CHAT I'M SO SORRY FOR TAKING THIS MUCH OF A BREAK. ALOT OF STRESS AND BEING THREATENED HOMELESSNESS HAS BROUGHT ME TO A JOB. SOON RADIANT ON VALORANT. I MISS STREAMING EVERYDAY DESPITE 1-10 VIEWS BUT WE GOING UP HERE CHAT,04/16/2022,-0.16666666666666666,negative,0,0
Valorant,En,Mimikyuwastaken,Shadow Realm but I got QSS,[],.@minaxdddd why u a valorant agent https://t.co/SKqaNzp2Gc,04/16/2022,0.0,neutral,0,3
Valorant,En,StSlothy,Canada,[],"Anybody wanna run some Fortnite or Valorant on stream in roughly 2 hours?
Lmk :)",04/16/2022,0.2,positive,0,2
Valorant,En,SantiagoB816,,[],"@HydroParlay I even took saya over and trent under but yeah, Victor decided to fuck me two plays in the same dayüòÇ, not sure if im going to bet on Valorant ever again",04/16/2022,-0.21666666666666667,negative,0,1
Valorant,En,DotEsports,,[],"VALORANT's upcoming agent's name has been leaked.

Here's what we knowüëá
https://t.co/0Pj1Yz3Pa7",04/16/2022,0.0,neutral,1,10
Valorant,En,lolSpook3y,United Kingdom,['VALORANT'],Spike Rush would be better if it had no Golden Gun and no gun upgrades on shotgun rounds @PlayVALORANT #VALORANT,04/16/2022,0.175,positive,0,0
Valorant,En,UhZynaa,,[],"@neT_valorant @MaKoVlrt Copped that quick L, you‚Äôre dookie water, first round exits",04/16/2022,0.12777777777777774,positive,0,0
Valorant,En,poltatos,she/her | 21 | bbz,[],to play valorant or minecraft or to sleep?,04/16/2022,0.0,neutral,0,16
Valorant,En,CPTpurrfect,In Your Head,[],Valorant meanwhile https://t.co/ZBkJED0JPV https://t.co/5MLrXI43ff,04/16/2022,0.0,neutral,0,0
Valorant,En,Ariess_ay,20 | he/him | 626/SGV,[],What a day of Valorant. See y'all tmrw,04/16/2022,0.0,neutral,0,1
Valorant,En,ImGrug,luh tonka,[],"@DeadlyCreatorYT crazy to see the huge viewership and support for valorant, the game's esports scene is still young and to see this level of engagement is so fucking cool",04/16/2022,-0.02999999999999998,negative,0,1
Valorant,En,sukii1i,dead,[],When i get a pc i will start playing valorant jus for Nana,04/16/2022,0.0,neutral,0,2
Valorant,En,LiquipediaVAL,Haven,['VALORANTMasters'],"Top 10 players by KD Ratio - Groups + Playoffs Day 2 #VALORANTMasters

üîó https://t.co/yERkOWrwH8 https://t.co/xgeIxXyk1X",04/16/2022,0.5,positive,9,403
Valorant,En,andrewrotes15,,[],@notbaeli a butterfly what now‚Ä¶ MOM I NEED SOME VALORANT POINTS RIGHT FUCKING NOW,04/16/2022,-0.15714285714285714,negative,0,0
Valorant,En,DillySan,üá®üá¶,[],@Tezsi_ valorant OpTic won a game against the only other na team,04/16/2022,-0.17500000000000002,negative,0,1
Valorant,En,meiiwtf,AZ,[],my nose is draining itself of 10+ years of snot at the moment because i choose to throw my mental every time i play valorant,04/16/2022,-0.1,negative,0,3
Valorant,En,BDAseroth,,"['vtuber', 'collab', 'envtuber', 'vstreamer', 'valorant']","Playing with @maemaekitsuhime @sodasen @marubombus @lpinkus96 https://t.co/iwSwgvWfwR
#vtuber #collab #envtuber #vstreamer #valorant",04/16/2022,0.0,neutral,2,3
Valorant,En,Redeyes_NI,,[],These Valorant lans are getting very spicy,04/16/2022,0.2,positive,0,0
Valorant,En,iesquire_,,[],rip to all the people I convinced to see flume to just listen to some valorant lobby music most of the night... I'm never going out on a weekday ever again I s2g,04/16/2022,0.5,positive,0,31
Valorant,En,axl_valorant,"Toronto, Ontario",[],@ShyJim_ Bro jinxed it,04/16/2022,0.0,neutral,0,0
Valorant,En,wahtagg,United States,['VALORANT'],I'm here down in silver ‚úåÔ∏è https://t.co/XQDwyH9MCZ #VALORANT,04/16/2022,-0.15555555555555559,negative,0,0
Valorant,En,Itskatelynnee,"London, England","['VALORANT', 'gamergirl', 'streamer', 'ValorantClips']",A couple aces in the bag üåô‚ú®Ô∏è #VALORANT #gamergirl #streamer #ValorantClips https://t.co/yU33PQDis6,04/16/2022,0.0,neutral,1,8
Valorant,En,Zalendir_,Norge,"['VCT', 'VALORANT']",Why keep the matches this late? For boost from NA viewers/watch parties? Its 11pm in Iceland rn. Its a competition. They all looked dead tired lol. These delays gotta stop too. #VCT #VALORANT,04/16/2022,-0.024999999999999994,negative,0,0
Valorant,En,JLFlawless,,[],"@Envy Star Wars during the day, Valorant at night",04/16/2022,0.0,neutral,0,0
Valorant,En,wraithsbf,he / electric ,[],if u dont want to f*** kay/o r u even into valorant,04/16/2022,0.0,neutral,2,3
Valorant,En,YourBoyTofu,,"['VALORANT', 'smallstreamer', 'BigEnergy', 'LiveOnTwitch', 'SmallStreamersConnect', 'smallstreamersupport']","üî¥What Zero Braincells Does To A Guy:

Low IQ #VALORANT gameplay. https://t.co/DyJxDIRaYm

#smallstreamer #BigEnergy #LiveOnTwitch #SmallStreamersConnect #smallstreamersupport https://t.co/MZ0pm6KupY",04/16/2022,0.0,neutral,1,2
Valorant,En,CutoneChris,,[],@HydroParlay It's just Valorant. Prizepick's piggy bank.,04/16/2022,0.0,neutral,0,1
Valorant,En,T1_KangJie,Singapore,"['Fade', 'Valorant', 'initiator']",#Fade is the name of #Valorant‚Äôs new agent. He/she will be an #initiator. @ValorLeaks,04/16/2022,0.13636363636363635,positive,0,0
Valorant,En,justin_traft,ohio,[],@lozada_nicoo @TonyLikens I've been playing valorant ill get there soon need @_JustCyrus_ to carry me more,04/16/2022,0.0,neutral,0,0
Valorant,En,2021Rcfc,,[],New VALORANT initiator agent name leaked https://t.co/AzD7sQE3fi,04/16/2022,0.13636363636363635,positive,0,0
Valorant,En,ArcherFG,Southern California,['VALORANTMasters'],Optic Valorant are clutch. Down 10-4 sheesh #VALORANTMasters,04/16/2022,-0.15555555555555559,negative,0,1
Valorant,En,Icarus_Valorant,They/them,[],Dry runs got me like. https://t.co/Y0RNvJnqJu,04/16/2022,-0.06666666666666665,negative,0,2
Valorant,En,shaytbutler,,[],"Let‚Äôs goooooo. Huge W from @OpTic Valorant. 

GGs @yayFPS @Marved6 @FNS @Crashies @victorwong @chetsingh @EnVy_Talespin",04/16/2022,0.4000000000000001,positive,0,64
Valorant,En,voiidbunny,The Void,['VALORANT'],"Aim.exe has unexpectedly stopped working.  :ccccc 

#VALORANT https://t.co/J2SlNcTEbW",04/16/2022,0.1,positive,2,9
Valorant,En,DeadlyCreatorYT,Hoenn,[],@hitchariide are we going to play valorant together at some point or what??,04/16/2022,0.0,neutral,0,1
Valorant,En,Healthy__Kaden,Kaden,[],@Apply FUCK VALORANT WE WANT HIM BACK,04/16/2022,-0.2,negative,0,0
Valorant,En,runitback_gg,,"['VALORANTMasters', 'VALORANT', 'VCT']","The battle of North America in the #VALORANTMasters Playoffs leads to @OpTic taking the win 2-1 over @TheGuard.

Full series: https://t.co/xu9Y7XdvvI

#VALORANT #VCT https://t.co/j2mTqWbDdx",04/16/2022,0.575,positive,1,7
Valorant,En,michaelsvisuals,,[],@medzz Try getting in contact with someone from Valorant,04/16/2022,0.0,neutral,0,1
Valorant,En,SparkeeGG,Suzuka Circuit,[],"5 man valorant is a different game just played with some of the boys on @RegimentGG and wow, way better than solo queue",04/16/2022,0.04999999999999999,positive,0,9
Valorant,En,THESPIKEGG,Fracture,['VALORANTMasters'],"üì£ It was a battle of titans, rookies vs. veterans, NA vs. NA, but OpTic emerge victorious! 

GGWP! They'll face @DRX_VS next!

‚öî @TheGuard 1:2 @OpTic ‚öî 
ü•á MVP @Sayaplayer
üåê https://t.co/f1pT7Z7Vjc
üåê https://t.co/uBPX2psVGF

#VALORANTMasters https://t.co/AmdoaZ7iI8",04/16/2022,0.0,neutral,0,17
Valorant,En,RickyTZzz,"Texas, USA",[],Once again Gonna have to empty my wallet out again for the new bundle in Valorant üôÇ,04/16/2022,0.018181818181818174,positive,0,4
Valorant,En,DeadlyCreatorYT,Hoenn,[],"Valorant is one of the most fun esports to watch without a doubt, WHAT A MATCH. 

OpTic's looking so strong heading into their DRX matchup üôå",04/16/2022,0.41111111111111115,positive,1,7
Valorant,En,CelestialCalli,"North Carolina, USA",[],@toothpaste_gal I love your art so much! I was wondering if you sell prints because I found this shop on etsy a couple weeks ago and wanted to make sure it was your shop before I bought from it! https://t.co/y3lWp3kRkS,04/16/2022,0.4583333333333333,positive,0,2
Valorant,En,Nueg_,"Austin, TX",[],i hate riot games and valorant.,04/16/2022,-0.8,negative,1,14
Valorant,En,akrmns_,age not in bio/minor = blocked,[],I HAVE VALORANT MONEYS,04/16/2022,0.0,neutral,0,0
Valorant,En,LiquipediaVAL,Haven,['VALORANTMasters'],"üî∏ @OpTic and @DRX_VS are the teams advancing today.

Here is the updated bracket. #VALORANTMasters

üîó https://t.co/yERkOWrwH8 https://t.co/rwEd7tP2C0",04/16/2022,0.0,neutral,8,97
Valorant,En,ramboray,"Dallas, Texas",[],Let's gooooo @OpTic Valorant squad with the DUB! @Marved6 @yayFPS @victorwong @FNS @Crashies @chetsingh,04/16/2022,0.0,neutral,28,1841
Valorant,En,xKneeNah,"Frisco, TX","['GreenWall', 'VALORANTMasters']",Let's goooo!! Fucking beautiful work out of the OpTic Valorant team!! üíöüíöüíö #GreenWall #VALORANTMasters,04/16/2022,1.0,positive,0,3
Valorant,En,NeelNailediT,India,['VALORANTMasters'],NA fucking Valorant Baby #VALORANTMasters,04/16/2022,-0.6,negative,0,0
Valorant,En,NYXL,"New York, NY",[],"Riot releasing RGX 2, knowing half the Valorant community is still waiting for the RGX Vandal to hit their shop... https://t.co/mY5WM9Eia4",04/16/2022,-0.16666666666666666,negative,1,44
Valorant,En,DigitalDeek,"Kamloops, British Columbia",[],@OpTic Valorant is absolutely insane for that huge comeback and win! FNS put on a performance and gave the team a big boost!,04/16/2022,0.10000000000000003,positive,0,0
Valorant,En,damnjeongguk,bts twice redvelvet,[],can bts or bt21 do something w valorant so i can get themed gun skins üòó,04/16/2022,0.0,neutral,0,0
Valorant,En,Blindage_,Êà¶„Åà,[],NA VALORANT WINS AGAIN https://t.co/0rPFJKQ6ny,04/16/2022,0.3,positive,0,0
Valorant,En,andersoneclair,"Norfolk, VA",[],Valorant masters is so sick to watch,04/16/2022,-0.7142857142857143,negative,0,3
Valorant,En,QuaziGG,"Atlanta, GA",[],üá∫üá∏ NA VALORANT WIN üá∫üá∏ EU SO QUIET üá∫üá∏,04/16/2022,0.4,positive,0,1
Valorant,En,TsukiWooki,The Netherlands,[],"@vitslly @sh11zeR I don't buy it, valorant when?",04/16/2022,0.0,neutral,0,2
Valorant,En,valorant_rimexy,,[],Guard‚Ä¶,04/16/2022,0.0,neutral,0,0
Valorant,En,_esportscenter,,"['GreenWall', 'VALORANT']","OpTic Gaming with the 4-10 comeback against The Guard, sending them to the semi-finals! 
#GreenWall #VALORANT https://t.co/eUImPd9QN6",04/16/2022,0.0,neutral,0,4
Valorant,En,_mkayval,,[],@soragazi speed run valorant rank,04/16/2022,-0.8,negative,0,0
Valorant,En,AngelRsoto,Oklahoma USA,[],I love watching professional Valorant.,04/16/2022,0.3,positive,0,7
Valorant,En,EvelynnLuxe,Two Spirit | MƒÅori / Cree,['VALORANT'],"&gt; Bury your fears, or she will hunt them. Fade, VALORANT's new Turkish Agent, stalks her prey with equal parts terror and tactics. Go ahead, try to hide. 

#VALORANT https://t.co/RGg9SVLwnB",04/16/2022,0.06818181818181818,positive,0,4
Valorant,En,GamersIntellig1,,[],New VALORANT initiator agent name leaked https://t.co/ua9LzWQN9O,04/16/2022,0.13636363636363635,positive,0,0
Valorant,En,ThRealChiefe,Australia,[],"@hauterhode @bobbywifhat @askpat13 @OfficialANGE1 I said like tenz, I don‚Äôt follow enough pro scene to actually say who‚Äôs best. He‚Äôs just a player that I know. I was just using him as a reference point. But still s1mple, zywoo and niko all &gt;&gt;&gt; than any valorant pro",04/16/2022,0.3333333333333333,positive,0,0
Valorant,En,Francewon1,,[],@kayvalorant I love signing into valorant everyday and seeing the alert message that someone i reported was disciplined lol. Toxicity has no room anywhere. I always add clips even if its a robot monitoring the reports,04/16/2022,0.3666666666666667,positive,0,0
Valorant,En,YaGurlSc0ut,"Cyberhecc, Hell","['VtuberDebut', 'valorant', 'twitch', 'Vtuber', 'VtubersEN', 'VTuberUprising']",Eyo it's Easter Weekend. So what better way to celebrate then to #VtuberDebut my new bunny-girl outfit made by the lovely @Deannez just in time to pop heads in #valorant...see y'all on my #twitch stream tonight cuties! #Vtuber #VtubersEN #VTuberUprising https://t.co/3wdF2Rjv5J,04/16/2022,0.4204545454545454,positive,2,10
Valorant,En,Gum13all,Your dad,[],If you think about the amount of work and effort and problem solving probably involved Valorant doesn't have a single bad skin except hive mind vandal,04/16/2022,-0.3857142857142856,negative,0,3
Valorant,En,IKreateSouls,,[],LoFi music and valorant hits different ngl,04/16/2022,0.0,neutral,0,0
Valorant,En,iBlxdes,"Washington, USA",[],@TeamSynergy Valorant streamer üëã,04/16/2022,0.0,neutral,0,0
Valorant,En,gengutastic,,[],"VALORANT is a joke.

Riot Games is a joke.

They are fucking incapable of doing anything.

However do not harass the devs working on these games. they didn't have anything to do with this

For whoevers in charge of this shit though idgaf if you bully the shit out of them go ahead https://t.co/2PjirYaE7h",04/16/2022,-0.3333333333333333,negative,0,7
Valorant,En,derekjoon,,[],V for valorant still haunts me to this day üò≠üò≠üò≠üíÄüíÄüíÄ https://t.co/X6q0PQCN8I,04/16/2022,0.0,neutral,0,1
Valorant,En,hsegram,–í–®–≠ –ú–æ—Å–∫–≤–∞,[],"RGX 11z Pro 2 upcoming bundle includes a Phantom, Operator, and Butterfly Knife via /r/VALORANT https://t.co/bn1pCEC3RC",04/16/2022,0.0,neutral,0,0
Valorant,En,kaamilaa_,,[],"https://t.co/FH0vTa6Mvv

self explanatoryü´°",04/16/2022,0.0,neutral,0,1
Valorant,En,ameelu_ahhreef,,[],"‚ú®Maturing‚ú® is realising you can enjoy both, CSGO and Valorant
üòå",04/16/2022,0.4,positive,0,0
Valorant,En,mangoslicezz,Fruit Hut,[],"We played Fortnight, Valorant, &amp; Tricky Towers w/ @RunninCVZ , @ScarlettRed__ , &amp; @TheKingKadmos! I never thought I'd be competitive in Tricky Towers üòÇ

Thank u @KattThistle for the raid! Much love to u ü•∞

Please check all of them out! They are all amazing üíú",04/16/2022,0.6125,positive,0,6
Valorant,En,RinRinNovaa,bacon flavored ranch,[],ugh fine ill play valorant or overwatch,04/16/2022,-0.04166666666666666,negative,0,1
Valorant,En,4lexo_o,,[],"ppl really copy n paste the same cheesy valorant/league captions like yeah pocket sage, looking for my duo, etc. yeah i‚Äôm a hater.",04/16/2022,-0.09999999999999999,negative,0,1
Valorant,En,KimiMe09,,"['VALORANT', 'twitchclips']",guys help me #VALORANT #twitchclips https://t.co/v6I2PZOVQo,04/16/2022,0.0,neutral,0,1
Valorant,En,tintran87,,[],"got tinned again, valorant hates me ggs https://t.co/VGxZVCedOL",04/16/2022,0.0,neutral,0,13
Valorant,En,KingToro824,Schlatt2024 üá∫üá∏,[],lower elo valorant players PLEASE learn to swing together and trade off each other PLEEEEAASSEEEEEEE MY GODDDD,04/16/2022,-0.125,negative,0,1
Valorant,En,theking_keem,24 Texas,"['VALORANT', 'VALORANTCLIPS']","THE BEST OPER YOU KNOW

#VALORANT #VALORANTCLIPS https://t.co/HYTNkaU3lx",04/16/2022,1.0,positive,3,26
Valorant,En,KrusherzzVal,England,[],@zappzoFTL Valorant has been smooth as anything,04/16/2022,0.4,positive,0,2
Valorant,En,OniiNova,"Single, I get no bitches.",[],People who play valorant get no bitches,04/16/2022,0.0,neutral,0,0
Valorant,En,LidiaIRL,21 | she/they,[],@unfairlygab @itssadnan there‚Äôs a valorant call out called grass does that count,04/16/2022,0.0,neutral,0,0
Valorant,En,cloudie_cakes,,"['goodvibes', 'funtimes', 'LFG']",Let's go!! The grind the don't stop! Let's get some dubs!! Fortnite into Valorant! Come on in for the good vibes and the fun times!! https://t.co/vto80UiYNw #goodvibes #funtimes #LFG,04/16/2022,0.584375,positive,0,1
Valorant,En,MNVarsityLeague,Minnesota,['Valorant'],"St. Thomas take the second W tonight! ü•á

üî¥  https://t.co/Q7dCjCwwwN | #Valorant https://t.co/spcLhky27A",04/16/2022,0.0,neutral,1,5
Valorant,En,DuskelfeTv,United States,"['VALORANT', 'sova']","On my knees rn 
I‚Äôm not sorry for this tweet #VALORANT #sova https://t.co/mis0SGYTRw",04/16/2022,0.25,positive,1,8
Valorant,En,RealFraze,,"['esports', 'gaming', 'twitch', 'freeagent', 'signmeplease', 'youtube', 'streaming']","Dropped a 46 kill game in the GLoot valorant tourney. Gonna start into the apex one, gonna win both früòÇ

#esports #gaming #twitch #freeagent #signmeplease #youtube #streaming https://t.co/waJbmFRkTR",04/16/2022,0.2,positive,0,4
Valorant,En,botlinked,,[],"Firing Blanks? Nope, It's Just My Aim! Hopping back on to play some more Valorant to start. Let's see how the games go tonight! https://t.co/O3Zd27buWE",04/16/2022,0.3125,positive,0,1
Valorant,En,NotEkyaj,,[],@FluXHoundFB @tiktok_uk @tiktokcreators Do what makes you happy king and hopefully success follows. Your valorant stuff was doing okay so ! Go with the flow x,04/16/2022,0.5750000000000001,positive,0,1
Valorant,En,itssadnan,nyc,[],"@unfairlygab this tweet was not about valorant, goodbye i am mentally ill",04/16/2022,-0.5,negative,0,1
Valorant,En,trickstcrs,26 ooc. mdni. rcbyf. ,[],i‚Äôm logging onto valorant dni I‚ÄôM BUSY,04/16/2022,0.1,positive,0,0
Valorant,En,ValorantEsports,,['VALORANTMasters'],.@neT_valorant gets 3! #VALORANTMasters https://t.co/7yoR9uCjzD,04/16/2022,0.0,neutral,9,261
Valorant,En,AyingottLoR,they/any,[],"i dont care about valorant, but i care that assaulters arent allowed a platform. his only punishment being a ""follow the rules in your contract"" class is ridiculous and unacceptable from riot",04/16/2022,-0.16666666666666666,negative,1,1
Valorant,En,Dok_kae,funne marija,[],"So pissed

I watched a Valorant tips video and this mf said ‚ÄúStart playing with friends better than you‚Äù

I know like 3 people who play and I TAUGHT them tf am I supposed to do https://t.co/h0owsieGmM",04/16/2022,0.5,positive,0,3
Valorant,En,HeartPlaceJon,,[],Oh boy. We could talk about valorant all day.,04/16/2022,0.0,neutral,0,0
Valorant,En,valorantleaksEN,,['VALORANT'],"NEW BUNDLE: RGX 11z Pro 2 | #VALORANT 

Includes Phantom, Operator, and a Butterfly Knife",04/16/2022,0.13636363636363635,positive,0,24
Valorant,En,itzMoto,,[],@ValorLeaks I will be coming back to full time Valorant,04/16/2022,0.175,positive,0,0
Valorant,En,TeamZenigma,,"['ZenWin', 'RollTheClip']","Our Valorant team has been putting in work! The competition is starting to heat up üî•ü•µüî• But our boys still end up on top! #ZenWin

@nPandaaa
@k5iveee
@Emmtwo1
@dagr1s
@BODALISHES

Time for the highlight reel! üé• #RollTheClip

https://t.co/9vYNSs5wBW",04/16/2022,0.390625,positive,4,9
Valorant,En,spreddito,"Milan, Italy",['PXN'],"That's my submission for FUYU THE GAMER ART CONTEST. I'm not a valorant player but i know that she is so i had to take some references, hope you will enjoy some details like the axe that i've seen in her stream and the pxn logo on the the plate :)
@cadetfuyu9999 @projectPXN #PXN https://t.co/2qEOeViSm4",04/16/2022,0.45,positive,3,11
Valorant,En,IiIbunni,L,[],@foreplay she‚Äôs so pretty when she hates valorant ü•∫,04/16/2022,0.25,positive,0,0
Valorant,En,galkiira,United Kingdom,[],Day one of @IGFestUK highlights!!!! getting some @TheGooseHouse merch and playing a fun 5v5 in valorant! as well as seeing the beautiful pink zoom üèéü•πüòÇ https://t.co/JrWFOFgk33,04/16/2022,0.375,positive,0,12
Valorant,En,FingerGunTom,IMMORTAL 2 but feels like gold,[],"@EndersFPS as an FPS lover that prefers traditional gunplay, hero shooters can be a hard pill to swallow... but you pretty much gotta do it these days since VALORANT is the only thriving FPS.  OW2 will be the same at launch I am sure.",04/16/2022,0.09404761904761905,positive,0,1
Valorant,En,haynoodle,htx,[],"hawt valorant plays ‚ô°
~
https://t.co/Jw9yIoRNhp
https://t.co/Jw9yIoRNhp",04/16/2022,0.0,neutral,0,28
Valorant,En,kixxfae,void,[],is 90% of the population composed of valorant players,04/16/2022,0.0,neutral,0,0
Valorant,En,fromiscb,19 ,[],Having valorant withdrawals is insane i can handle it now that i go outside more i used to go 30 mins before i started hallucinating hearing the valorant agent voicelines and pretending like im playing breeze when im outside anyone feel the same?,04/16/2022,-0.1,negative,3,1
Valorant,En,sixpathjustus,legend ,[],@ValorLeaks @faded2k Nice they added you to Valorant,04/16/2022,0.6,positive,0,2
Valorant,En,NaijafileH,Nigeria,[],"Valorant Patch 4.05 Update Size, Release Date ‚Äì ‚Äì¬†Explained! https://t.co/M9QJKejh5d",04/16/2022,0.0,neutral,0,0
Valorant,En,servalposting,england | svpst#0001,[],@EevieTrigger i've spent about ¬£300-350 in valorant and cycled around 800usd in and out of csgo and those numbers will probably only go up,04/16/2022,-0.05,negative,0,1
Valorant,En,Austin_Raz,"Portland, OR",[],@ValorLeaks Anything on Valorant Go Vol 3?,04/16/2022,0.0,neutral,0,0
Valorant,En,Chapter4gg,,['ANewChapter'],"Getting ready for the next act? The new agent? The new skin set? Sounds like you need some points. 

We're hosting a 50 USD Valorant Point Giveaway. 

Rules:
- Retweet and @ 2 friends
- Follow

#ANewChapter https://t.co/StwhQgaHIx",04/16/2022,0.11818181818181818,positive,244,219
Valorant,En,tayshoh,Newfoundland and Labrador,[],it‚Äôs not a real valorant match without an hour long tech pause,04/16/2022,-0.07500000000000001,negative,0,0
Valorant,En,EyyLilo,,['valorant'],Sometimes I play #valorant like it‚Äôs COD and I get an ace. https://t.co/gJEsemqP1d,04/16/2022,0.0,neutral,0,1
Valorant,En,Tetra_Flora,France,[],"More Valorant VCT tech problems sucking out all the momentum out of teams.

Small indie studio Riot",04/16/2022,0.08333333333333333,positive,0,3
Valorant,En,bluefqde_,they/them,[],i wanna play valorant strat roulette but idk who to play it with ;-;,04/16/2022,0.0,neutral,0,1
Valorant,En,Ouate_Val,"Qu√©bec, Canada",[],"@TheLeoVinci 1: Heartstone
2: Valorant
3: Dofus
4: CoD
5: LoL/ CSGO",04/16/2022,0.0,neutral,0,1
Valorant,En,daimyoFPS,‚Äúclutch master‚Äù - XSET zekken,[],the people watching the valorant stream are just drilling valyn for his dirty forces üò≠ https://t.co/4YATWTt5hj,04/16/2022,-0.6,negative,1,20
Valorant,En,hereisoliver__,,[],@ahKyro @AbiogenesisBen @savefatcats only queues valorant @ radiant don‚Äôt you Kyro,04/16/2022,0.0,neutral,0,0
Valorant,En,RisingSham,Â§ßËÖø ,[],"Valorant is a fun game, but damn this game is full of horny virgins both men and women.",04/16/2022,-0.037500000000000006,negative,0,0
Valorant,En,valorantleaksEN,,['VALORANT'],"Fade, an Initiator, is the next agent coming to VALORANT. 

Bury your fears, or she will hunt them. Fade, VALORANT's new Turkish Agent, stalks her prey with equal parts terror and tactics. Go ahead, try to hide. | #VALORANT https://t.co/UWYC3uTKKr",04/16/2022,0.04545454545454545,positive,2,27
Valorant,En,Calc_olater,"Tampa, fl","['VALORANT', 'smallstreamer', 'twitch', 'gamer']","Is Neon just a GB Sonic? 
Important #VALORANT questions that must be answered.
Come to the stream and join the highly intelligent discussion!
#smallstreamer #twitch #gamer

https://t.co/1un5WpX7Lu",04/16/2022,0.7,positive,0,3
Valorant,En,suutancom,"San Francisco, California, USA",[],New VALORANT initiator agent name¬†leaked https://t.co/8qfLGzz2RD,04/16/2022,0.13636363636363635,positive,0,1
Valorant,En,SkeletonWolfGa1,"North East, England",[],"Well YouTube stream was a blast again! As basic and confusing as it is for me I do really enjoy streaming valorant over there, there will also be more video content over there in the coming days and weeks!",04/16/2022,0.18125000000000002,positive,1,6
Valorant,En,yajemjd,"Detroit, MI",['VALORANT'],‚ÄúAgent Updates‚Äù ‚ÄúA better ranked experience‚Äù #VALORANT https://t.co/PIpeXLnOYZ,04/16/2022,0.5,positive,0,2
Valorant,En,winkzoh,,[],@p011zy @AyoadeFN valorant more like valoisuckatvidosgameandthisoneiplaytocopewiththefactthatisuck+edater,04/16/2022,0.5,positive,0,2
Valorant,En,HirailoveYooh,"Ohio, USA",[],@ddalgitokki29 You falling in love with someone on valorant bc they gave you skins,04/16/2022,0.5,positive,0,1
Valorant,En,Minksqi,‚Ä¢ ÂøçÊ∞è ‚Ä¢,['FearTheTRIBE'],"@TribeGaming It‚Äôs only gonna get bigger with Apex, Valorant, Warzone, and many more to come to the Mobile platform too and ya already know who we‚Äôre all going to be rooting for #FearTheTRIBE",04/16/2022,0.25,positive,0,0
Valorant,En,ironidk,Portugal,['valorant'],Me n who? #valorant https://t.co/ef2DQcec7r,04/16/2022,0.0,neutral,0,0
Valorant,En,mutedtylerr,,[],"Most I ever spent on a coffee: $5.95-$6.95 in Hawaii I think

Most I ever spent on a video game: $100 (Deluxe Edition)

Most I ever spent on a video game in-game item: $50 (Valorant Skins) https://t.co/qNLIxKkVeW",04/16/2022,0.1111111111111111,positive,0,0
Valorant,En,Pikushie,,[],"Cardio done.
Daily stretch done.
Drank some AG1. 
Cooked and ate lunch. 
Hair care and skincare done. 
Now time for some valorant üòé‚ú®",04/16/2022,0.0,neutral,0,3
Valorant,En,RealHoriZonnn,"Maryland, USA",[],@WITN8SS I need a team as a Valorant managerüò≠,04/16/2022,0.0,neutral,0,0
Valorant,En,crreamsoda,my lowest,[],Nah ima kms why is bro yelling at me rn on valorant.,04/16/2022,0.0,neutral,0,1
Valorant,En,IgnatiusLive,,[],@SwprAlex I‚Äôll join for valorant no Cap swpr‚úÖ‚úÖ,04/16/2022,0.0,neutral,0,0
Valorant,En,hailthekidTTV,"San Jose, CA",[],yay is one of the best oppers in valorant from what I've seen,04/16/2022,1.0,positive,0,0
Valorant,En,jayskoov,"Seattle, WA",[],@100Thieves Only $800? Lol are they paying you okay buddy? Your buying no valorant skins with that,04/16/2022,0.43333333333333335,positive,0,8
Valorant,En,ProfessorMac6,"Vermont, USA","['VALORANT', 'anime', 'gSwirly4Partner']","Okay...stream is live!  Stop by and give anime suggestions...she likes slice of life anime üòâ

#VALORANT #anime #gSwirly4Partner https://t.co/BW1Qy5UJ9f",04/16/2022,0.17045454545454544,positive,0,1
Valorant,En,MizuchiMashi,somewhere in NA,[],"@aceticke reject valorant, embrace guilty gear https://t.co/X2B4PPEUNj",04/16/2022,-0.5,negative,0,0
Valorant,En,Neptune_TV,Indiana,[],"üî¥LIVE//

Hopping back into the Valorant grind tonight then over to Motorsport Manager to finish off the evening. Hope you've all had a great Friday! üíô
@PreGamingGG x @PreSupports

Link is below!‚¨áÔ∏è https://t.co/wjA8s2eoTB",04/16/2022,0.5,positive,2,9
Valorant,En,K1LLERK4M,,[],sorry no stream tonight I‚Äôm too busy trying to continue to learn how to play Valorant properly,04/16/2022,-0.13333333333333333,negative,0,0
Valorant,En,fireaxe0,,[],@flinchedd I hate valorant and know nothing about competitive but go guard destroy the green beans,04/16/2022,-0.39999999999999997,negative,0,1
Valorant,En,Alooonie,"Arizona, USA",['Valorant'],"If the champions Vandal or Karambit were to ever come back, I‚Äôd buy them instantly. I wasn‚Äôt playing #Valorant much at all when they dropped but now it‚Äôs all I‚Äôm doing",04/16/2022,0.06666666666666667,positive,0,0
Valorant,En,ReminisceVal,Gym ,[],@_Kunou @IceColdR6 Wouldn‚Äôt happen in Valorant,04/16/2022,0.0,neutral,0,1
Valorant,En,OregonDucks5oh3,Oregon,[],Valorant is going to make me broke with these skins I swear,04/16/2022,0.0,neutral,0,4
Valorant,En,Nacho17071,"C√°ceres, Espa√±a",[],some1 knows how many years @JonahP_ @trentFPS @neT_valorant have??,04/16/2022,0.5,positive,0,0
Valorant,En,roodleval,Nederland,[],@neT_valorant YOU GOT THIS,04/16/2022,0.0,neutral,0,0
Valorant,En,Clowntoon,Fredbear‚Äôs Family Diner,[],"@melokoii OMG CAN WE MATCH NAMES LIKE 
HIS KITTEN
HIS DADDYüôàüôàüôäüôä I WOULD LOVE TO PLAY VALORANT WITH THE MELOKOII
IM THROBBING JUST RHINKING ABOUT ITü¶ßüê≥",04/16/2022,0.5,positive,0,4
Valorant,En,EevieTrigger,"16, she/her",[],@servalposting I have spent like $160 on valorant and I will never buy anything for it ever again I have all the skins I could ever want. I did this too with tf2 and then I just kinda got quadrupule the value with the hours I've played,04/16/2022,-0.1,negative,0,1
Valorant,En,decimaticns,·µí·µí·∂ú ¬≤‚Åµ | ·¥ç·¥Ö…¥…™ |  ú·¥á/ ú…™·¥ç | …¥s·¥Ä,[],If today isn‚Äôt the day I win three Valorant matches in a row I‚Äôm quitting,04/16/2022,0.8,positive,0,1
Valorant,En,SelfloYt,,['valorant'],LOOKS LIKE THE NEXT ACT GONNA BE THE BEST EVER TILL DATE HYPEEEE #valorant,04/16/2022,0.5,positive,0,1
Valorant,En,heyitssage_,,[],"@Average_Jonas I found the same kind of enjoyment with streaming as well and that I've seen myself improve in playing Valorant. I enjoy the streaming even if my friends are the only one's in chat, it's still a fun time that makes my heart happy.‚ù§Ô∏è",04/16/2022,0.26,positive,0,1
Valorant,En,VariableGamin,,"['VALORANTMasters', 'VALORANT', 'ranked', 'twitch', 'Streamers']","Im finna BUST.... Into The Next Rank #VALORANTMasters #VALORANT #ranked #twitch #Streamers 

https://t.co/iBsNEZQiY4",04/16/2022,-0.4,negative,2,6
Valorant,En,singerJS_,"Warsaw, Poland",[],"Guess I gotta play more Valorant, huh?",04/16/2022,0.5,positive,1,20
Valorant,En,GamersIntellig1,,[],"Sayf‚Äôs mouse sensitivities, key binds, and crosshair settings in VALORANT https://t.co/4U6fqr1KtW",04/16/2022,0.0,neutral,0,0
Valorant,En,100Thieves,"Los Angeles, CA",[],when the new valorant bundle has a butterfly knife https://t.co/UAbV8nCNNU,04/16/2022,0.13636363636363635,positive,278,8222
Valorant,En,kendeep_fgc,Deutschland,[],"The fact that the game is hard makes me appreciate the big brain moments more. Me hitting 3 headers in a row is an actual holy shit moment in Valorant.

And if a FG wants that ""holy shit"" moment too with executional stuff, then why the hell not?",04/16/2022,-0.04895833333333333,negative,0,1
Valorant,En,kendeep_fgc,Deutschland,[],"Besides, I think the thought that games have to be easy to be popular is a complete myth. FPS are among the most popular games ever (are you seeing Valorant twitch numbers?) and they are HARD AS FUCK. You might not realize how hard they are because you are experienced.",04/16/2022,0.22777777777777775,positive,0,0
Valorant,En,ahKyro,,[],@savefatcats @hereisoliver__ @AbiogenesisBen you need to give me a chance you see i‚Äôll give you a little boost on valorant üòú,04/16/2022,-0.1875,negative,0,1
Valorant,En,jayistheboss1,,"['YouTube', 'VALORANT', 'stream', 'smallstreamersupport', 'bossgang', 'YouTube']","im live on #YouTube playing #VALORANT #stream #smallstreamersupport #bossgang #YouTube

https://t.co/duuKxLjKqv",04/16/2022,0.13636363636363635,positive,0,0
Valorant,En,robbfps,"Florida, USA",[],"@moo_fps valorant uses raw input so it doesn‚Äôt matter, but you also want the beta raw input buffer feature on",04/16/2022,-0.23076923076923078,negative,0,0
Valorant,En,ttv_uplynxx,"New York, USA","['Valorant', 'Valorantclips']",Dang man... I wish Reyna was more viable... shes such a comfort pick when it comes to duelist. Check out this little edit of a pretty wild game I had as her yesterday on stream :) #Valorant #Valorantclips https://t.co/D94qw0BEh5,04/16/2022,0.10892857142857142,positive,2,10
Valorant,En,bingobongo__,The Trollers of Romania,[],"@emezie honestly i feel like a lot of the reason fighting games are seen as ‚Äúharder‚Äù than other genres (namely fps games) is that its just much less ubiquitous of a genre. there are plenty of mainstream shooter games like cod, halo, fortnite, valorant, csgo, r6, tarkov, (1/2)",04/16/2022,0.052083333333333336,positive,0,12
Valorant,En,NotDavysTweets,,[],Valorant players when you insult their game https://t.co/MmsGi0zxin,04/16/2022,-0.4,negative,0,7
Valorant,En,AyakawaHikari,„Éû„Éû: @lorrainiaful @Melwina17,[],"@seireiix üíú A nickname: Reiiii
 ü¶â First impression: Valorant God himself
 ü¶á  Current impression: Still a Valo God but super cute &amp; chill -w-
 ü™Ñ How close we are (0-10): 4
 ‚ú®  We should: Play together moarr
 ü§ç Should you post to your account? Up to you ^^",04/16/2022,0.2708333333333333,positive,0,2
Valorant,En,ANDY_GAMES_,Onett,"['VALORANT', 'ANDYGAMESDesign']","„ÄêVALORANT Thumbnail„Äë
@gripass_ @masamaru_tv @Evolved_Sinon_z @hariboom_haribo 
#VALORANT #ANDYGAMESDesign https://t.co/IOQkLWconY",04/16/2022,0.0,neutral,3,6
Valorant,En,USummonedMe,,[],"@Arrrrash CSGO really do be adding nothing ever.

Did you see the panic updates when Valorant?",04/16/2022,0.2,positive,0,0
Valorant,En,Krudiz,socials ‚ûû,[],not even funny how shit i am at valorantüòπ,04/16/2022,0.024999999999999994,positive,0,0
Valorant,En,WestCoastKyodai,Japan/West Coast,"['streamer', 'streamergirl', 'gamer', 'gamergirl', 'gaming', 'twitch', 'streaming', 'valorant', 'noob', 'practice', '„Ç≤„Éº„É†ÂÆüÊ≥Å', '„Ç≤„Éº„É†ÈÖç‰ø°']","[JP/ENG] Noob Valorant Noob Keyboard&amp;mouse! #streamer #streamergirl #gamer #gamergirl #gaming #twitch #streaming #valorant #noob #practice  #„Ç≤„Éº„É†ÂÆüÊ≥Å #„Ç≤„Éº„É†ÈÖç‰ø°
 feel free to chat! https://t.co/Abbb1L8Ur3",04/16/2022,0.5,positive,0,8
Valorant,En,TRUE0RACLE,she/her ; alt: @hl2exe,[],@servalposting @KicperThe im sorry but all the skins on valorant are so mid theyre literally neon puke,04/16/2022,-0.25,negative,0,0
Valorant,En,melokoii,18 he/it ,[],@Clowntoon OMG TOE BEE IM BLUSHIN... ü¶êü¶ê GONNA SEND U VALORANT MEMES.. LETS HAVE MATCHING VALORSNT NAMES üêóüêó UR ART HAS ME BARKING MEOWING PURRING SNARLING WHIMPERING ü¶ß üíóüíì,04/16/2022,0.0,neutral,0,4
Valorant,En,TRUE0RACLE,she/her ; alt: @hl2exe,[],@servalposting @KicperThe me when i buy 200 differenr pixel in bottom right of screen that cannot be traded or refunded into real money because valorant's item shop gives you no way to gain your money back,04/16/2022,0.1619047619047619,positive,0,0
Valorant,En,myseglis,ÌïÑÎùºÎç∏ÌîºÏïÑ Ìì®Ï†Ñ,[],"bren and egg casting valorant is great

i still can't believe they won't be in OWL this year, i'll have to watch even more VCT to compensate (which i like)",04/16/2022,0.65,positive,0,0
Valorant,En,EevieTrigger,"16, she/her",[],"I'm kinda not in the mood to play valorant because a lot of the people that play it are like super toxic and rude but like it's a fun game so it's hard

I wish playing a game as a non cishet woman didn't require me to have another person to queue with lmao",04/16/2022,-0.022619047619047632,negative,0,2
Valorant,En,WolvesWTF,Twitch üëâ,[],@WITN8SS Me i am a Valorant player and content creator,04/16/2022,0.0,neutral,0,0
Valorant,En,FishTheHusky,retweet my clips pls :3,"['IonSheriff', 'VALORANT', 'FollowMyTwitch']","THERES A NEW SHERIFF IN TOWN AND HIS NAME IS FISHTHEHUSKY #IonSheriff #VALORANT #FollowMyTwitch

https://t.co/4hGPqHOsm4 follow today if you enjoy the content üíô https://t.co/Wraj5eo2g3",04/16/2022,0.2681818181818182,positive,1,10
Valorant,En,koresteban,Republic of the Philippines,[],Someone in the house started to play Valorant and couldn‚Äôt breathe without it now. ü§£ü§£ü§£,04/16/2022,0.0,neutral,0,0
Valorant,En,MNVarsityLeague,Minnesota,['Valorant'],"Amazing clutch ace from Toast! üçû

üî¥  https://t.co/Q7dCjCwwwN | #Valorant https://t.co/o8XRs0df14",04/16/2022,0.7500000000000001,positive,2,3
Valorant,En,T3zza01,"Annfield Plain, England",[],@benjyfishy Valorant looks crap rather play cod 4,04/16/2022,-0.8,negative,0,0
Valorant,En,mellifluff,Canada,"['valorant', 'TikTok']",Nice mic = streamer and singer??? #valorant #TikTok https://t.co/VlVpKe9jKl,04/16/2022,0.6,positive,0,0
Valorant,En,Fata2k,saturne,[],@DustyRuckets @sullycasts you must be new to valorant comp scene if you think na is better,04/16/2022,0.3181818181818182,positive,0,0
Valorant,En,asiandeprived,,[],i have committed my life to the game of valorant. i wake up to valorant. sleep to valorant. workout to valorant. watch valorant hentai. eat while playing or watching valorant,04/16/2022,-0.4,negative,0,2
Valorant,En,jtf080,,[],"@Juanchotrongg @okuzeN_official @OfficialANGE1 Yeah, and valorant isn‚Äôt going to be the next CS. Buns game due to shit maps and honest to god convoluted characters to play. Too many are way too OP. Was fun upon launch, but died out mostly due to the maps being horrendous.",04/16/2022,0.06874999999999998,positive,0,0
Valorant,En,Lolo_TmT,My Bed,[],"I‚Äôve been playing valorant so much, that I get ads now üò≠ü•π",04/16/2022,0.2,positive,0,0
Valorant,En,smidgezz,18 | they/them,[],@frognautpriv hi brooke valorant,04/16/2022,0.0,neutral,0,0
Valorant,En,KillerzStreak,"Rahimyar Khan, Pakistan",[],Thats why I was not getting it in my store valorant wants me to get bundle instead of vandal hmm ü§î https://t.co/CCempBbsma,04/16/2022,0.2,positive,0,2
Valorant,En,_daebug,20,[],valorant at a party https://t.co/RsnUwbhQqX,04/16/2022,0.0,neutral,0,2
Valorant,En,vyiniee,she/they,['twitch'],"playing valorant live on #twitch 

https://t.co/6qC2lwvxAK https://t.co/SS2lH65uKZ",04/16/2022,0.13636363636363635,positive,1,1
Valorant,En,JackCas_,,[],"Now I‚Äôve got a PC, I need fellow CC‚Äôs to teach me how to play:

- MC Java (i suck ok)
- Valorant
- Overwatch
- Phasmaphobia
- anything else",04/16/2022,0.5,positive,0,5
Valorant,En,THESPIKEGG,Fracture,['VALORANTMasters'],"ACE FOR OpTic! WHAT A ROUND FOR @Marved6!

Current map stats: 
‚öî @TheGuard 10:7 @OpTic ‚öî 
üåê https://t.co/f1pT7Z7Vjc
üåê https://t.co/uBPX2psVGF

#VALORANTMasters https://t.co/zlVHRfpIGF",04/16/2022,-0.125,negative,2,8
Valorant,En,sananityy,,[],Time to workout soon and then play valorant or something for the night,04/16/2022,0.0,neutral,0,0
Valorant,En,LilJesus23,Jonesboro,[],@OfficialANGE1 The maps are the problem with Valorant,04/16/2022,0.0,neutral,0,0
Valorant,En,lolJukebox,"Miami, FL",['VALORANT'],How many of my followers on twitter play #VALORANT,04/16/2022,0.5,positive,0,1
Valorant,En,CGuil95,,"['twitch', 'smallstreamer', 'smallstreamercommunity', 'twitchaffiliate', 'VALORANT']",Your new fav VALORANT player! #twitch #smallstreamer #smallstreamercommunity #twitchaffiliate #VALORANT https://t.co/hCpH11oEp7,04/16/2022,0.17045454545454544,positive,0,2
Valorant,En,PocketPatryk,Mum's basement,[],"Bro what happened to Valorant?

Silver feels like Platinum and everyone wants to surrender after 3 lost rounds...",04/16/2022,0.2,positive,0,1
Valorant,En,bennetfx,@teamcreeedggs,[],anyone valorant?,04/16/2022,0.0,neutral,0,4
Valorant,En,noxibrae,Everywhere ,"['vtuber', 'pngtuber', 'twitch', 'smallstreamer']","I'm live playing some more valorant grind to get good! 

#vtuber 
#pngtuber 
#twitch
#smallstreamer

https://t.co/nJNIpWPOH7
https://t.co/nJNIpWPOH7
https://t.co/nJNIpWPOH7",04/16/2022,0.5037878787878788,positive,1,5
Valorant,En,NoHopesTM,–Ωentai,[],I havent played valorant for 2 days...im itching to plei ong,04/16/2022,0.0,neutral,0,0
Valorant,En,petitevalorant,,"['valorant', 'valorantleaks', 'valorantclips']","@ValorLeaks  You are the goat. 

#valorant #valorantleaks #valorantclips https://t.co/rlIINwb9US",04/16/2022,0.0,neutral,2,7
Valorant,En,catkn_,,"['VALORANT', 'ValorantArt', 'neonValorant']",neon ‚ö°Ô∏è #VALORANT #ValorantArt #neonValorant https://t.co/DJc77bslxu,04/16/2022,0.0,neutral,14,61
Valorant,En,Icy_Rapture,"Austin, TX",[],@ivannaamae this is the girl in valorant purposely dying every round to eat snackies,04/16/2022,-0.2,negative,0,2
Valorant,En,wiegandluca,"Plano, TX",[],"@Upbeat2k @MelonsocksG @Peliuxarn @OfficialANGE1 Valorant by default has higher server tick rate, better weapon accuracy (ak vs vandal), better anti cheat, regular updates, etc. Faceit and ESEA are aftermarket products to enhance the original ‚Äúless sophisticated‚Äù product. Valorant comes that way, making it more sophisticated.",04/16/2022,0.32870370370370366,positive,0,0
Valorant,En,Treesapien,A place,[],"@Arrrrash Nobody in a first world country, with half a brain is playing Valorant. Even Apex Legends put out content faster than this and they were torn apart for how slowly they dripped out content.",04/16/2022,-0.07222222222222223,negative,0,0
Valorant,En,MNVarsityLeague,Minnesota,['Valorant'],"Prairie Seeds starting off strong! üí™

üî¥  https://t.co/Q7dCjCwwwN | #Valorant https://t.co/3BfZIo4sMC",04/16/2022,0.2708333333333333,positive,2,3
Valorant,En,angelsxcri,,[],"@DKrypzo @yumesimpclub @stander_jarett @paige_robertsss @LucasBriggs6 @sinatraa B. just because a rapist says he didn‚Äôt rape someone doesn‚Äôt mean anything but i assume because a 17 year old boy on twitter says his fav valorant player isn‚Äôt a rapist, it means he isn‚Äôt one. please educate yourself on the legal system regarding rape then speak. you sound stupid",04/16/2022,-0.08249999999999998,negative,0,0
Valorant,En,lup4rker,she/they ‚Ä¢ 20,[],"me: sends nox a whole paragraph ranting about stuff
me right after: haha anyways, sova! women! valorant! omen my meow meow!",04/16/2022,0.32466517857142857,positive,0,1
Valorant,En,TRUE0RACLE,she/her ; alt: @hl2exe,[],you should both maybe leave valorant https://t.co/ouIuZEeUYO,04/16/2022,0.0,neutral,0,4
Valorant,En,skinsceneries,MI ‚úàÔ∏è New Jersey,[],getting pretty just to play valorant &gt;&gt; https://t.co/BDifqXVany,04/16/2022,0.25,positive,0,27
Valorant,En,theEricaLyn,"Nashville, TN","['twitch', 'twitchstreamer', 'twitchaffiliate', 'twitchtv', 'twitchgamer', 'twitchgirls', 'gamer', 'streamer', 'girlgamer', 'gamergirl', 'valorant']","Live with Spill the Tea, games and drinks. Come say hi. :) 

Link in bio. 

#twitch #twitchstreamer #twitchaffiliate #twitchtv #twitchgamer #twitchgirls #gamer #streamer #girlgamer #gamergirl #valorant https://t.co/ttlmQAlAHt",04/16/2022,0.3181818181818182,positive,2,16
Valorant,En,shabongus,they/them,[],just won a valorant game by stream sniping a kid with twitch in his name üíÄ,04/16/2022,-0.4,negative,0,1
Valorant,En,askpat13,,[],"@ThRealChiefe @OfficialANGE1 CS is certainly more iconic and easier to understand than Valorant, but imo just not as fun to watch. That's subjective tho. I will say tho CS is not the best viewer esport, that title goes to rocket league. Easiest esport for a random person to immediately understand.",04/16/2022,0.36,positive,0,3
Valorant,En,iaincraig21,"Motherwell, Scotland",[],does anyone want to challenge me on the fact i am the number 1 drunk valorant player in the world and i am claiming thats a title,04/16/2022,-0.5,negative,1,1
Valorant,En,ggLavishEsports,,['LAVWIN'],"LAVISH Valorant is looking for a Coach. If you're interested DM's are open and let us know what you bring to the table!! üòà
#LAVWIN",04/16/2022,0.125,positive,1,3
Valorant,En,goodburton,"New Haven, CT",[],@trevorcharmon Carry me in valorant please,04/16/2022,0.0,neutral,0,1
Valorant,En,BL00FY_,,[],@1wiiree imagine aim training for valorant,04/16/2022,0.0,neutral,0,0
Valorant,En,THESPIKEGG,Fracture,['VALORANTMasters'],"Pistol round win for The Guard albeit @yayFPS' valiant efforts! 

Current map stats: 
‚öî @TheGuard 10:4 @OpTic ‚öî 
üåê https://t.co/f1pT7Z7Vjc
üåê https://t.co/uBPX2psVGF

#VALORANTMasters https://t.co/ypJ4OT6XbZ",04/16/2022,0.26666666666666666,positive,0,1
Valorant,En,nadiahlotfi,,[],damn it‚Äôs been a long time i didn‚Äôt play valorant and genshin üòï,04/16/2022,-0.05,negative,0,0
Valorant,En,MissTayIor,honolulu; she/her,[],forget valorant... who would like to play pixie hollow with me,04/16/2022,-0.1,negative,0,42
Valorant,En,FrozenWater2267,any pronouns,[],this showcases my valorant skill perfectly https://t.co/PPmXBmhpKr,04/16/2022,1.0,positive,0,1
Valorant,En,ANDY_GAMES_,Onett,"['VALORANT', 'ANDYGAMESDesign']","„ÄêVALORANT Thumbnail„Äë
@Rqwzzz @ameremo6game @_itoma_hima302 @Goblinchff 
#VALORANT #ANDYGAMESDesign https://t.co/ViJ0bGPt7W",04/16/2022,0.0,neutral,4,11
Valorant,En,vctrjmv,,[],"@du4xhm @jose32551 @ria6n @ValorLeaks you can find it here, brother. :&gt; https://t.co/4Ti9rBbwiD",04/16/2022,0.0,neutral,0,1
Valorant,En,viralgamer_,,"['Valorant', 'valorantmemes', 'agent', 'newagent', 'valorantagent', 'valorantnewagent', 'valomemes', 'valorantmeme', 'pcgames', 'pcgaming', 'PC', 'Gaming', 'Fade']","BREAKING NEWS FOR ALL THE VALORANT PLAYERS ACROSS THE GLOBAL! 

#Valorant #valorantmemes #agent #newagent #valorantagent #valorantnewagent #valomemes #valorantmeme #pcgames #pcgaming #PC #Gaming #Fade https://t.co/Z1a1sOpLxQ",04/16/2022,0.0,neutral,0,6
Valorant,En,XDcrazymonkey,,"['valorant', 'yoru']",ACE NO CAPPA SHEESH XDDDD #valorant #yoru https://t.co/kacaafwWjm,04/16/2022,0.0,neutral,0,1
Valorant,En,SeNaRciA,"Queens, NY",[],"If you love me watch me play valorant for 10hrs
https://t.co/Hfv8Nl27SE",04/16/2022,0.5,positive,1,4
Valorant,En,yourmomsadrunk,mama mo pakyu,[],"@Jebus3211 @UmaJanFan @OfficialANGE1 exactly lmao. i like csgo better, tbh. but that doesnt really mean the ""idea"" of valorant is bad according to some people. though i genuinely think valorant is easier just because i easily got the highest rank the first time it came to my region. i cant even leave lem in csgo ffs",04/16/2022,0.046354166666666696,positive,0,1
Valorant,En,PachTV_,,[],"Valorant tourneys&gt;fortnite tourneys 
And it‚Äôs not even close",04/16/2022,0.0,neutral,0,0
Valorant,En,DexyyVal,dizzy land,[],I'm live doing Valorant https://t.co/Fu3Dbb26v8 then comp sniping!! https://t.co/OSMnIbk0Al,04/16/2022,0.2130681818181818,positive,1,3
Valorant,En,stobieTV,,"['twitch', 'twitchaffiliate', 'streamer', 'stream', 'VALORANT']","its been a minute

https://t.co/6DnKF5uxry

 #twitch #twitchaffiliate #streamer #stream #VALORANT",04/16/2022,0.0,neutral,3,6
Valorant,En,ryntwts,Singapore,[],"Today's stream was hectic at least for me üòû

Was playing Apex with @XxwhrxX97 and @RaikaCabbageBoi and we managed to win! But when it comes to Valorant-
We playing a few custom games and they are wayyyy out if my league. So I was just a pocket Sage/Killjoy. üå∏",04/16/2022,0.16666666666666666,positive,0,3
Valorant,En,Daffaloo,he/they/gay/19,[],"@brvcehulk Not much, i think its just me playing valorant with some irl friends",04/16/2022,-0.1,negative,0,1
Valorant,En,N4jGC,"Houston, TX",[],"@OfficialANGE1 Valorant is no match for CS at all, lmfao.... the game is literally an FPS version of LoL... stupid",04/16/2022,-0.1333333333333333,negative,0,0
Valorant,En,JackalVT,"·¥Ö·¥è…¥‚Äô·¥õ  ô·¥á s ú è, ·¥Ä…™ ·¥Ñ·¥Ä…¥‚Äô·¥õ  ô…™·¥õ·¥á!~‚ô°",[],"I'll be playing some Elden Ring in thirty or so minutes and trying to do quick prog before I scuttle off to do some Valorant scrims tonight!!

I may change up my streams to lean more towards Valorant, because I wanna get at least two (2) kills when the tourney comes around!! https://t.co/axzwD291R2",04/16/2022,0.18402777777777776,positive,0,5
Valorant,En,CauzitoPN,"S√£o Paulo, Brasil",[],"LIVE ON!
üîû[BR/ENG]üîû - üî¥[UNRANKED] EM TREINAMENTO P/ RANKEDS NO VALORANT!üî¥ - ‚ùóartes‚ùóteko‚ùóloco‚ùójoceir
https://t.co/odrql7arLL
https://t.co/GHWd7tExYZ",04/16/2022,0.17045454545454544,positive,0,0
Valorant,En,Mrlcky0ne,,[],We live taking ppls elo on valorant former immo3 now D1 sadge :( https://t.co/Mp7KI3Mm5w,04/16/2022,-0.20454545454545456,negative,0,0
Valorant,En,shakinleyy,,[],"Valorant stream!!!!!! 
https://t.co/2EWYDNQ5dr",04/16/2022,0.0,neutral,5,8
Valorant,En,bobabonk,·ûö·ûÑ·üã·ûÖ·û∂·üÜ ‚òîÔ∏éÔ∏é,[],@milkteaboards @HK4RI ur the last person i‚Äôd trust with the way you play VALORANT,04/16/2022,0.0,neutral,0,0
Valorant,En,SaintsSanctum,FALLEN ANGELS,[],"Summoning circle, hope this works 

                       üïØ
               üïØ              üïØ
       üïØ     Recruit more    üïØ
   üïØ       Valorant creators     üïØ
        üïØ                             üïØ
              üïØ              üïØ
                       üïØ",04/16/2022,0.5,positive,14,70
Valorant,En,somarigel,Clockwork City,[],@Etoillach @SaiseiShino Sorry im married to VALORANT,04/16/2022,-0.125,negative,0,1
Valorant,En,samthecreator__,icebox,[],"fifa is straight trash, played two games and i was dine, valorant clear",04/16/2022,0.15000000000000002,positive,0,0
Valorant,En,bigM30W,Your Vault (Not Looting üòâ),"['Vtuber', 'twitch']","Tonight I‚Äôll be streaming some Valorant w/ @HuntinguyYT starting around 10:30-11pm EST; followed by some more Dead Space 2!
Be there or be ‚èπ 
#Vtuber #twitch https://t.co/Axwg3BZbEt",04/16/2022,0.08333333333333333,positive,2,2
Valorant,En,celestewithgun,the fictional land of milk bag,[],England be like (also Valorant is dogshit) https://t.co/9sHHUP5d6F,04/16/2022,0.0,neutral,0,0
Valorant,En,SosaValorantt,MI,[],@JakeSucky Valorant will let pedophiles come back to esports but an ‚Äúalleged rapist‚Äù is comin back everyone trippin that‚Äôs so funny to me,04/16/2022,0.0375,positive,0,1
Valorant,En,ang31cs,,[],miss my valorant addiction days,04/16/2022,0.0,neutral,0,0
Valorant,En,yourmomsadrunk,mama mo pakyu,[],"@Jebus3211 @UmaJanFan @OfficialANGE1 yeah, of course i get you. i still cant really understand why people need to argue which game is better like theyre both from the call of duty franchise lmao

csgo peeps wanna shit on valorant and claim that csgo is the best, and valorant peeps wanna shit on csgo because its old",04/16/2022,0.2,positive,0,0
Valorant,En,Azareeltv,Unknown,"['VALORANT', 'marathon']",Live with new series join me or us https://t.co/BK4cbZ8YNF #VALORANT #marathon,04/16/2022,0.13636363636363635,positive,0,0
Valorant,En,ttvhellsabels,Hell üî•,"['VALORANT', 'wizebot', 'twitch']",üì£ I'm starting üî¥ LIVE on #VALORANT !  https://t.co/Ff1ujntJrE #wizebot #twitch,04/16/2022,0.08522727272727272,positive,0,1
Valorant,En,p0k33rfac33,17~any pronouns,[],"@bugfangz i recommend buying a computer off of https://t.co/XnHsPITG0k in general, such fast shipping and i love my laptop i play valorant, overwatch minecraft it runs literally everything and it‚Äôs a great size",04/16/2022,0.31,positive,0,0
Valorant,En,jayskoov,"Seattle, WA",[],"@DGonzo666 @PestaFresca @Electcake @JakeSucky . Folks who spend $2,000 on player packs are def not tryna support the devs, that ridiculous. That‚Äôs just an excuse for them to add crazy ass things in the store. Wait you tryna defend valorant? Give them an excuse for charging a full game price of $70 for a bundle of guns? https://t.co/rOdZbgl4xC",04/16/2022,-0.18055555555555555,negative,0,0
Valorant,En,ValorantUpdated,,[],Things we know about Fade so far: https://t.co/RlKIQlz31k,04/16/2022,0.1,positive,9,137
Valorant,En,Flumiez,"Montclair, NJ",[],@TheGuard @MatthewCElmore @valyngod @Sayaplayer @trentFPS @neT_valorant @JonahP_ @valesports_na STAND GUARD BABY,04/16/2022,0.0,neutral,0,0
Valorant,En,OhSanii,"Villach, √ñsterreich",['VALORANT'],"HOOOOOOOOOOOW guys? xD &amp; my mate is downstairs with the boom bot in his hands and waits too hahaha #VALORANT 
@PlayVALORANT @valorantde https://t.co/jJwq9gjY1h",04/16/2022,0.2,positive,0,8
Valorant,En,bohfps,20,[],"the only way I feel like playing valorant nowadays, is by consuming near fatal doses of crack cocaine.",04/16/2022,0.05,positive,0,2
Valorant,En,DOGBOYMEGUMI,Any Pronouns|18|‚ö£,[],lord forgive me but i truly do love valorant,04/16/2022,0.5,positive,0,0
Valorant,En,fakew0nderland,"Bridge of Allan, Scotland",[],Valorant is so funny late at night üòÇüò≠ guys are strange,04/16/2022,-0.03333333333333333,negative,0,2
Valorant,En,GoGoPenguinVAL,,[],Fastest quick scope in Valorant Tenz tenZ tEnz ... TenZ ? https://t.co/lEcxxciEAI via @YouTube,04/16/2022,0.3333333333333333,positive,0,0
Valorant,En,Darkshxt,"Lansing, MI",[],@Camzane Lmao I‚Äôm just joking I know you played. Didn‚Äôt Anthony download Valorant as well?,04/16/2022,0.6,positive,0,0
Valorant,En,TallTaleKale,,[],"@NowYouSeeBree I'd say not knowing how to, or when to engage is the biggest factor that drives me insane in any pvp game lol. Especially since there are great engagement tools in Valorant specifically",04/16/2022,0.040000000000000036,positive,0,1
Valorant,En,NURSECUPlD,loml @kicchinnezumi,[],how to stop being bad at valorant NOW,04/16/2022,-0.6999999999999998,negative,0,24
Valorant,En,ara6ix,,[],The Guard are playing really well considering this is their first Valorant LAN,04/16/2022,0.225,positive,0,0
Valorant,En,ValorLeaks,in a pitt,['VALORANT'],"EP4 ACT 3 Battlepass | #VALORANT 

&gt; The Battlepass is back with some pearlescent, cybernetic, and tactically-themed skins plus plenty of other eye-catching cosmetics ready to be earned.",04/16/2022,0.025000000000000005,positive,559,15292
Valorant,En,WinnieTomas,"Huntingdon, PA",[],Finally hit p3 in Valorant - days of carrying and teammates throwing games it‚Äôs finally over. Found a whole new drive for the game https://t.co/YFkTiMJBTh,04/16/2022,-0.012727272727272731,negative,0,3
Valorant,En,OPaeys,,[],@serenasumss I got a valorant account worth more then a trailer,04/16/2022,0.4,positive,0,0
Valorant,En,selimify,,[],Lenovo Legion 5 Pro Stingray White | Valorant Quick Matches 2560x1600p (... https://t.co/HhGi9R6ipV via @YouTube,04/16/2022,0.16666666666666666,positive,0,0
Valorant,En,anniepoo_,,[],"one game of valorant to cope with not being at toronto LAN

https://t.co/8JLuZx8ScW",04/16/2022,-0.4,negative,0,6
Valorant,En,itsevry_,,[],@jekrame_ your also grand champ in rl. nah but seriously start valorant again,04/16/2022,0.08333333333333334,positive,0,1
Valorant,En,Jebus3211,,[],"@yourmomsadrunk @UmaJanFan @OfficialANGE1 Alright here's the thing and something every single valorant player needs to learn.

You can like 1 game without passionately hating another.

I know you're not like that which I respect alot. But I can guarantee that every other person in this thread needs it.",04/16/2022,-0.16160714285714287,negative,0,1
Valorant,En,RealTulanin,,[],"im streaming a little bit of valorant with ronnie bc this guy still trying to rank up 

{VtuberEN} [VALORANT] Queue with ronnie; road to whatever the highest rank is
https://t.co/oAY6mDnNWk",04/16/2022,-0.5958333333333333,negative,3,1
Valorant,En,ZebXCIX,"South Dakota, USA","['ENVtuber', 'VTuberUprising', 'pngtuber']","Playing some valorant with @ClementineeeEN and friends!! Come on by and watch me suck lol

#ENVtuber #VTuberUprising #pngtuber 
https://t.co/NN0ltSMseO",04/16/2022,0.8,positive,1,7
Valorant,En,rdmagggott,"Cape Town, South Africa",[],"I enjoy playing Valorant, despite how frustrating it can be to play. For instance: playing a match that comes down to 12-12. Lost the match but that doesn‚Äôt bother me. What bothers me is the fact I missed two aces in one match, two rounds apart from each other.
2020-2022: no aces",04/16/2022,-0.07013888888888889,negative,0,1
Valorant,En,unusableryan,,[],Met this random guy on Valorant. And his reaction to hearing my voice was amazing! Also lmk if I should do what he said and do narration videos! It was also really late and I was very tired. https://t.co/gF1MJRU81o https://t.co/GMYaTCvvuI,04/16/2022,-0.09562499999999997,negative,0,0
Valorant,En,blatienie,ÁèæÂú®Âú∞,"['VALORANT', 'ValorantClips']","Valorant HighLight#3
#VALORANT 
#ValorantClips https://t.co/bp7GoL6kKx",04/16/2022,0.0,neutral,1,6
Valorant,En,notmickk,,['valorant'],which ones better? for #valorant https://t.co/X7juNVywtl,04/16/2022,0.5,positive,0,2
Valorant,En,rebekahpeah140,,"['TheKardashians', 'VALORANT', 'Vaisakhi', 'Vanguard', 'WAVES', 'WesternTigray', 'XRP', 'ZamGelebilir']","A beautiful art piece. 
#TheKardashians #VALORANT #Vaisakhi #Vanguard #WAVES #WesternTigray #XRP #ZamGelebilir https://t.co/D6FdqtqgK4",04/16/2022,0.85,positive,1,3
Valorant,En,Pleby1x,Texas,[],Congrats @SypheyeplayzVal for winning the Valorant card! Still looking for a Fortnite vbuck card winnerüëÄ,04/16/2022,0.625,positive,0,1
Valorant,En,shadmanbtw,United Kingdom,['Valorant'],"Check out this Valorant clip I recorded with https://t.co/bPSXYiFmAO! #Valorant

üîó https://t.co/VJ6gI2rljz https://t.co/Uv6teeVD2c",04/16/2022,0.0,neutral,0,0
Valorant,En,WittyMichi,,"['twitchtv', 'twitchaffiliate']",What's this? Michi is streaming Valorant and then being a murder hobo on 7days? o_o I...I'm feeling a little feisty today okay? https://t.co/vzffGnQWg2 #twitchtv #twitchaffiliate,04/16/2022,0.12083333333333333,positive,2,5
Valorant,En,_deadguykazu,,"['VALORANT', 'ValorantClips', 'RiotGames', 'twitch', 'twitchaffiliate', 'twitchstreamer']",Not today Jett #VALORANT #ValorantClips #RiotGames #twitch #twitchaffiliate #twitchstreamer https://t.co/6xHifRJdq7,04/16/2022,0.0,neutral,0,3
Valorant,En,xcherichenx,,"['valorant', '4k']",when you're bad at valorant but got a hypeman - ty @dylxvn #valorant #4k https://t.co/ycNsmx67t2,04/16/2022,-0.6999999999999998,negative,1,6
Valorant,En,ValorLeaks,in a pitt,['VALORANT'],"Fade, an Initiator, is the next agent coming to Valorant. 

&gt; Bury your fears, or she will hunt them. Fade, VALORANT's new Turkish Agent, stalks her prey with equal parts terror and tactics. Go ahead, try to hide. 

#VALORANT",04/16/2022,0.04545454545454545,positive,1301,20018
Valorant,En,TiagoEstremores,"Pambansang Punong Rehiyon, Rep",[],"acho que hoje vou s√≥ ficar a chillar while playing valorant, not streaming today but gonna hang out at my discord channel if anyone wants to show up and say hi &lt;3 https://t.co/qU5cctPOz1",04/16/2022,0.2,positive,0,1
Valorant,En,WhiteIversxn,,[],POV you play unrated in VALORANT silver https://t.co/RmRTLc1qYn,04/16/2022,0.0,neutral,0,1
Valorant,En,iTz_Gamble,,[],Destiny 2 Raid Day //Valorant or D2 comp after//  .  FR/EN https://t.co/P8zcWbWwTI,04/16/2022,0.0,neutral,0,1
Valorant,En,haileymarselle_,"Long Beach, CA",['StandGuard'],today is the day! tap in to see @trentFPS in this epic battle against optic! it‚Äôs getting intense üôà #StandGuard https://t.co/Ndri1yHrJv,04/16/2022,0.1625,positive,0,2
Valorant,En,KanikTv,My desk,[],"‚òïI'M LIVE!!‚òïI COULDN'T GET GENSHIN TO WORK TO WERE BACK ON THAT VALORANT GRIND!!! 
https://t.co/3qa41NxdLa",04/16/2022,0.0,neutral,0,3
Valorant,En,alysay_,she/they üáµüá≠,[],@DrizvyFizzy im chilling in baguio thinking about valorant.. i need help,04/16/2022,-0.5,negative,0,1
Valorant,En,Battlefy,Global,[],"We're excited to announce our amazing crew of broadcast talent partners for the @ZotacCup Spring Fling  Valorant NA Community Tournament Grand Finals w/ @vnmTourney!

@RichRadLive 
@Paulsible 
@gompersx 
@spicyypyro 

Tune in Sunday @ 12pm PT!
üì∫https://t.co/e5YvVOoeEE https://t.co/BhCIAAPdUs",04/16/2022,0.5854166666666667,positive,4,14
Valorant,En,ChikyuTsukiVT,Drawing üé®,[],"@KianSeanNolte No, it's a valorant character lol, I have thought about my model tho!",04/16/2022,1.0,positive,0,1
Valorant,En,Kalapz_,"Fort Worth, TX",[],"Can we have a mode in Valorant where the matches go to 7?

I don‚Äôt have the time for 1hr 15min matches man üôÉ",04/16/2022,0.0,neutral,0,0
Valorant,En,EsportsHumber,"Toronto, Ontario","['WeAreHumber', 'HumberEsports']","üîª Humber Valorant also went 2-1 in @GLGamingLounges Pit of Valor Valorant tournament.

During the final game, the team fought valiantly. It was looking like a comeback after winning 3 rounds in a row. Unfortunately, it ended with a 9-13 loss.

#WeAreHumberü¶Ö | #HumberEsports https://t.co/nJZBPlpyPE",04/16/2022,-0.1,negative,0,3
Valorant,En,JonelBriones1,"San Jose, CA",[],I swear every Valorant team I want to win is losing so I‚Äôm going to purposefully switch sides real quick let‚Äôs go @TheGuard y‚Äôall killin it,04/16/2022,0.65,positive,0,0
Valorant,En,yourmomsadrunk,mama mo pakyu,[],"@Jebus3211 @UmaJanFan @OfficialANGE1 true. 

cs:go has simpler mechanics compared to valorant, but it doesn't really mean it's more complicated than cs:go. both are fps games but are definitely different. the only problem is that valve doesn't really listen to its players that much",04/16/2022,0.0546875,positive,0,0
Valorant,En,elissabatt_,she/her/they,[],"whats up cool twitter people im back at it again with another valorant stream!!
-
-
-
https://t.co/1rygD8jdsX",04/16/2022,0.175,positive,0,1
Valorant,En,THESPIKEGG,Fracture,['VALORANTMasters'],"The Guard are already up 5:3, can OpTic turn this around?

Current map stats: 
‚öî @TheGuard 5:3 @OpTic ‚öî 
üåê https://t.co/f1pT7Z7Vjc
üåê https://t.co/uBPX2psVGF

#VALORANTMasters https://t.co/HE8UbjzsL1",04/16/2022,0.0,neutral,0,6
Valorant,En,KrelVolare,,['VALORANT'],"Odin goes BBRRRRR! Some Horn-y people and Clem go pew pew #VALORANT 
Streaming over at https://t.co/tI1NqQWut2",04/16/2022,0.0,neutral,1,3
Valorant,En,ShirokumaShaz,,"['ENVtuber', 'Vtuber']","Live with some genshin! Valorant later?? Maybe, might just run around customs for a bit (link below) 

#ENVtuber #Vtuber https://t.co/6GhTLzAoum",04/16/2022,0.08522727272727272,positive,0,6
Valorant,En,Ayye_Kaleb,"Sachse, TX",[],LF cute E-Person to duo Valorant and carry me lmao,04/16/2022,0.55,positive,0,2
Valorant,En,valorfeedgg,,[],"Bury your fears, or she will hunt them. Fade, VALORANT‚Äôs new Turkish Agent, stalks her prey with equal parts terror and tactics. Go ahead, try to hide.",04/16/2022,0.06818181818181818,positive,0,2
Valorant,En,AyoLimbo,Newest Videoüëâ,[],"on valorant now, time to hit gold 1 and get out of elo hell https://t.co/9gBQZDq8GY https://t.co/glEk2JNrul",04/16/2022,0.0,neutral,0,2
Valorant,En,_deadguykazu,,[],Anyone in bronze elo for valorant in the NA?,04/16/2022,0.0,neutral,0,0
Valorant,En,Winabakr,Fuckin up ya mamas bed frame,[],Cat shoulda told me she was hungry before the valorant queue started ü§∑üèæ‚Äç‚ôÇÔ∏è,04/16/2022,0.0,neutral,0,0
Valorant,En,muxedo,,['VALORANT'],This game is pay to win #VALORANT https://t.co/G6rRgItDGr,04/16/2022,0.2,positive,0,0
Valorant,En,AsherB_Cole,,[],@MelonsocksG @Peliuxarn @OfficialANGE1 There is no shot valorant is more ‚Äúsophisticated‚Äù than csgo lmao,04/16/2022,0.5333333333333333,positive,0,5
Valorant,En,narizoomies,"Gangnam-gu, Republic of Korea",[],"@ookappin i feel your pain, my bf only plays valorant nowadays and if i want to play with him i have to do so too, im only good at apex with snipers so playing valorant is making me feel disgusted hshshsdhsh",04/16/2022,-0.07500000000000001,negative,0,1
Valorant,En,BolitaDeSodio4,,[],Valorant banned https://t.co/kNthjTUSII,04/16/2022,0.0,neutral,0,3
Valorant,En,geoc4ke,22 | MILF | she / her ,[],never enjoyed valorant this much (': friends are what make the game ((:,04/16/2022,-0.15,negative,0,5
Valorant,En,Icarus_Valorant,They/them,[],@LimitGGs @florscnt :Blush:,04/16/2022,0.0,neutral,0,1
Valorant,En,NavalRaindrops,,[],"LIVE NOW with the one and only @fattiecakesx with some valorant, Lets have some fun 
https://t.co/TsdQFIocgO https://t.co/er3eAoYmcf",04/16/2022,0.14545454545454545,positive,1,3
Valorant,En,F1Delta_,Wolves,"['VALORANT', 'twitchgaming', 'TTV']","On Monday I installed #VALORANT for the first time, never played an FPS game on PC before. Today, Friday I got my first ACE in the game, which includes stress, sketchy shooting and alt-tabbing during the 1v1üòÇüòÖ Enjoy my happiness #twitchgaming #TTV 
https://t.co/SAOVc4Rxey",04/16/2022,0.13333333333333333,positive,0,1
Valorant,En,sonofapollo02,Hell (also known as Turkey),[],Valorant was a god damn mistake,04/16/2022,0.0,neutral,0,0
Valorant,En,koeghans,she/her,[],"13 year old kid trolling calling me mommy told him to stop cuz its disgusting af then proceeded to just talk shit about me and women everytime he died then made jokes about ukraine! love valorant ‚ù§Ô∏è and the best thing is, i top fragged and carried his ass ü§£",04/16/2022,0.1416666666666667,positive,0,2
Valorant,En,MikuBTW,Miku#0139,[],@wkeydubs you play valorant you're already doing that,04/16/2022,0.0,neutral,0,0
Valorant,En,deadaut,21 | she/they | bi,[],i just got accepted into the Valorant PBE:) niceee https://t.co/lHkmRWNO0k,04/16/2022,0.5,positive,0,3
Valorant,En,2021Rcfc,,[],Riot Games takes back decision to let sinatraa compete in VALORANT Champions Tour https://t.co/QXJGhGuWnd,04/16/2022,0.0,neutral,0,0
Valorant,En,GlitzyKOfficial,üáÆüá©,"['VALORANT', 'ValorantClips']","Didn't expect to get that 4k in the 1st round.
#VALORANT #ValorantClips https://t.co/Ne9yaHI9ZS",04/16/2022,-0.2,negative,0,4
Valorant,En,Namungiie,ÎÑà ÌïòÎÇòÎßå ÏÇ¨ÎûëÌï¥,[],for the fact that i didn‚Äôt play valorant for idk 2 weeks i‚Äôm doing pretty good,04/16/2022,0.475,positive,0,0
Valorant,En,nanolols,zey/zhen,[],@MuzFN Valorant community isn‚Äôt any better,04/16/2022,0.5,positive,0,8
Valorant,En,GreshyPoo,,[],@aloeson New nails= better aim in valorant,04/16/2022,0.3181818181818182,positive,0,0
Valorant,En,StrykerMadden,,[],@Koviett @HydroParlay Agreed. I‚Äôm not donating anymore money on Valorant.,04/16/2022,0.0,neutral,0,3
Valorant,En,ValorantUpdated,,['VALORANT'],"Next Agent name based on the PBE: Fade.

More Info: Bury your fears, or she will hunt them. Fade, VALORANT‚Äôs new Turkish Agent, stalks her prey with equal parts terror and tactics. Go ahead, try to hide.

#VALORANT",04/16/2022,0.1590909090909091,positive,180,4028
Valorant,En,vxmppandora,,"['twitchstreamer', 'vtuber', 'smallvtuber', 'ENVtuber']",I'm streaming some valorant for a bit (maybe genshin later? Idk) twitch in bio :) #twitchstreamer #vtuber #smallvtuber #ENVtuber,04/16/2022,0.25,positive,0,3
Valorant,En,PIayboiMarz,20 - He/Him,[],Can't wait to threaten to drone strike people's houses on valorant üôè https://t.co/23BIvkrylk,04/16/2022,0.0,neutral,1,1
Valorant,En,Koviett,"Florida, USA",[],@HydroParlay I respect the grind but the Valorant lines are rigged so hard my friend.  Hope you win.,04/16/2022,0.25416666666666665,positive,0,28
Valorant,En,loonastancloud,17,[],valorant ranked in 4 seconds https://t.co/2jeT5ApIgg,04/16/2022,0.0,neutral,1,7
Valorant,En,kurtiboh,California,[],will sell body for valorant bucks,04/16/2022,0.0,neutral,0,2
Valorant,En,ChicagoPQ,"Chicago, IL",[],"YUUUUP YUUUUUUUUUUUP I FUCKING CALLED IT

Valorant RGX 11z Pro 2 BUTTERFLY KNIFE https://t.co/wfxa9fKBUz https://t.co/KTxO0pARlA",04/16/2022,-0.6,negative,0,4
Valorant,En,TheRealNibori,United States,['VALORANT'],I play too much #VALORANT https://t.co/2OebJZJpeb,04/16/2022,0.2,positive,0,12
Valorant,En,AOLONTHETOP,,[],Which are a underrated valorant player?,04/16/2022,0.0,neutral,0,0
Valorant,En,Zepyh,"Regina, Saskatchewan","['twitch', 'smallstreamer', 'twitchstreamers', 'Valorant', 'brimstone']",Playing Valorant brim main :)! https://t.co/WOe26TTeR0 #twitch #smallstreamer #twitchstreamers #Valorant #brimstone,04/16/2022,0.3958333333333333,positive,0,6
Valorant,En,Ethann_Btw,"Nancy, France",[],"@NVIDIAGeForceFR @msigaming Valorant , lol , elden ring , WoW..",04/16/2022,0.45,positive,0,0
Valorant,En,AClassyTurtle,,[],@CodedProphecy23 When‚Äôs the last time you heard multiple ppl say yea let me go lab league of legends or let me go lab valorant? And if they do lab in valorant what are they labbing? Aiming. And that‚Äôs practically it.,04/16/2022,0.0,neutral,0,0
Valorant,En,tayloreguiTV,chicago ‚Äì she/they,[],high stakes valorant is so fun to watch,04/16/2022,0.22999999999999998,positive,0,5
Valorant,En,jmancity1,,[],oh hello there citizen! OMG VALORANT IMMORTAL!? REACTIONS!? OMG OMG https://t.co/U0clbrqB7Y,04/16/2022,0.0,neutral,0,1
Valorant,En,Blahvico,,"['smallstreamersconnect', 'valorant', 'gay', 'gaymer', 'goodvibesonly', 'smallstreamer', 'twitch', 'Follow', 'retweet', 'follow4follow', 'party', 'drunk', 'drunkstream']","Come Chill  ;) 
#smallstreamersconnect #valorant #gay #gaymer #goodvibesonly #smallstreamer #twitch #Follow #retweet #follow4follow #party #drunk #drunkstream

 https://t.co/cP2tOWHMwh",04/16/2022,0.05555555555555558,positive,0,1
Valorant,En,a_aonoo,Shighanshina,[],@Permana_Yo @n0senseGG @RenegadeSaw23 @PlayVALORANT Go to valorant wiki and check the lore section,04/16/2022,0.0,neutral,0,0
Valorant,En,freyamorninstar,,[],We've swapped over to Valorant for the rest of stream! https://t.co/mXKJ374rmv,04/16/2022,0.0,neutral,0,2
Valorant,En,VOVCFC,,[],@OfficialANGE1 Yeah but then you would have to play valorant‚Ä¶,04/16/2022,0.0,neutral,0,0
Valorant,En,ITzMisf1t,,[],Going live in an hour! (8 PM EST) going to keep today just a regular valorant stream while I get some other stuff planned for the future I‚Äôm indecisive so it‚Äôs taking me awhile. Hope to see you there :),04/16/2022,0.10909090909090909,positive,0,0
Valorant,En,XuldirK,Na Merda - UA ,[],@FakeSlimShady00 Ah fodasse valorant on? Se sim wrong house,04/16/2022,-0.5,negative,0,1
Valorant,En,niksonskt,"Western Australia, Australia",[],@launders mirage the worst map in cs still better than all valorant maps,04/16/2022,-0.25,negative,0,9
Valorant,En,counterscottGO,NW Indiana,['VALORANTMasters'],Here you go. #VALORANTMasters https://t.co/fL0jTZbhp7,04/16/2022,0.0,neutral,0,0
Valorant,En,mritsmePapaMac,,"['supportsmallstreamers', 'smallstreamersconnect', 'smallstreamer', 'twitch', 'valorant']",Come hang out! Finally got affiliate #supportsmallstreamers #smallstreamersconnect #smallstreamer #twitch #valorant https://t.co/AgzoeKDMTc,04/16/2022,0.0,neutral,0,3
Valorant,En,MakotoYukiharu,„Éû„Éû: @ThiyaFeather „Éë„Éë: @saikafu,[],"@SaxClips i do, cz y‚Äôknow i‚Äôm just play valorant every stream lmao
also, i don‚Äôt often do collab cz no fren üòÇüò≠",04/16/2022,0.6,positive,0,1
Valorant,En,JARRlNG,,[],@PlayVALORANT hi valorant give me riot buddy i beg im so lonely without seeing a little logo on my gun i need it im deprived of gun buddy please ill play your game 24/7 ill spend all my money i will devote my life to your game,04/16/2022,-0.34791666666666665,negative,0,1
Valorant,En,RoIItime,The Abyss,[],@ValorLeaks best valorant bundle ever incoming,04/16/2022,1.0,positive,0,0
Valorant,En,SourLemon9977,ENFJ-A,[],AAAAAAAAAAAAAAAAAAAA NO VALORANT NOT THIS TIME YOU AREN'T TAKING MY MONEY https://t.co/3zogCxmTZr,04/16/2022,0.0,neutral,0,1
Valorant,En,counterscottGO,NW Indiana,[],"@GeorgeCGed Bro I literally wrote this today are you serious 

https://t.co/eel0DspWNW",04/16/2022,-0.3333333333333333,negative,7,382
Valorant,En,OMGvalorant,"Toronto, Ontario",[],DRX vs PRX | HIGHLIGHTS | Valorant Champions Tour Bracket Stage Masters ... https://t.co/2Fj46chkfP via @YouTube,04/16/2022,0.0,neutral,0,0
Valorant,En,valorfeedgg,,['VALORANT'],The newest #VALORANT agent will be called Fade. More news coming soon. Really soon. https://t.co/9epVK6sciB,04/16/2022,0.35,positive,0,10
Valorant,En,HypnosVT,Republic of the Philippines,[],"@YukitsuneMifuyu I play Valorant, but sadly I'm in Asia. https://t.co/gzmhn32yup",04/16/2022,-0.5,negative,0,1
Valorant,En,arnoldd_val,"MB, CAD",['VALORANTMasters'],"@neT_valorant IS A W PLAYER 

#VALORANTMasters",04/16/2022,0.0,neutral,0,2
Valorant,En,AzLij_,,[],Why you gotta do me like this Valorant ü•≤ü•≤ü•≤ do I get my Blade or wait for the butterfly knife ü•≤ü•≤ https://t.co/QrAOHgwwmh,04/16/2022,0.0,neutral,0,1
Valorant,En,Honest_Val,,[],@MEL_Valorant @HyperspaceDark @HiddenFangEC @MysticGamingNA @godalions @OmnipotentVAL @HitBox_Hiros @ValorCentral WE OUT HERE BABAY! gonna make it all the wayüí™,04/16/2022,0.0,neutral,0,3
Valorant,En,Caster4Trix,"Toronto, Canada","['CallofDuty', 'Fortnite', 'ApexLegends', 'CallofDuty', 'CSGO', 'HaloInfinite', 'FIFA', 'Fortnite', 'VALORANT', 'CallofDuty', 'Fortnite', 'ApexLegends', 'LeagueOfLegends', 'Overwatch']","Some unique Esports assets/experiences include:
Coaching: #CallofDuty, #Fortnite and #ApexLegends
Commentating: #CallofDuty, #CSGO, #HaloInfinite, #FIFA, #Fortnite, #VALORANT 
Competition Admin: #CallofDuty, #Fortnite, #ApexLegends, #LeagueOfLegends, #Overwatch",04/16/2022,0.375,positive,0,3
Valorant,En,valorantleaksEN,,['VALORANT'],New Agent Name: FADE | #VALORANT,04/16/2022,0.13636363636363635,positive,2,16
Valorant,En,Yesd0t,,[],@JohnnyLUFC_ @wrld_of_chdr @ValWonderr @ValorLeaks You can refund if you haven't used it. you go to valorant support and submit ticket.,04/16/2022,0.0,neutral,0,0
Valorant,En,_CoreyInDaHouse,The Gates of Valhalla,[],@Kronozeo You play Valorant?,04/16/2022,0.0,neutral,0,1
Valorant,En,MNVarsityLeague,Minnesota,['Valorant'],"Apple Valley with the W! üèÜ

üî¥  https://t.co/Q7dCjCwwwN | #Valorant https://t.co/YdmzRdot3e",04/16/2022,0.0,neutral,2,12
Valorant,En,airiouka,she/her üá®üá¶,[],I woke up and my first thought was ‚Äúwanna play Valorant‚Äù üôÇüôÇüôÇ,04/16/2022,0.25,positive,1,31
Valorant,En,DGonzo666,"Frisco, TX",[],@jayskoov @PestaFresca @Electcake @JakeSucky I'm a whole-ass adult with a full time job and sometimes I buy skins. It's not gambling wtf lol. Loot boxes are gambling. People buy skins to support games that are often f2p. That's how games like Valorant and LoL are able to be free. Hard disagree that this makes things worse,04/16/2022,0.19537037037037036,positive,0,0
Valorant,En,Shiick,Squish-squish,[],"So the new agent name is out...
Fade.
""Bury your fears, or she will hunt them. Fade, VALORANT‚Äôs new Turkish Agent, stalks her prey with equal parts terror and tactics. Go ahead, try to hide.""",04/16/2022,0.0909090909090909,positive,15,185
Valorant,En,macdak1ng,Mumbai,"['VALORANT', 'gaming']","LFT‚òπÔ∏è
-Rank- Immortal 3
-Main role : IGL, Initiator
-Secondary role: Controller
-Agent pool : Can play 85%- 90% agents 
-Have some eSports experience üòÅ
-Runner up in ROG Showdown Series powered by Intel and Asus ROG
Retweets are appreciated üôå!
#VALORANT #gaming",04/16/2022,-0.17083333333333334,negative,1,1
Valorant,En,OmnipotentVAL,,[],@MEL_Valorant @HyperspaceDark @HiddenFangEC @MysticGamingNA @godalions @HitBox_Hiros @ValorCentral Excited to be here in this position - Practicing Hard,04/16/2022,0.04166666666666666,positive,0,2
Valorant,En,godkingnik,"Lanai City, HI",[],nah cause my return to valorant finna be lit https://t.co/XSmIZjotTy,04/16/2022,0.0,neutral,1,1
Valorant,En,EverdoFN,,[],does anyone want to buy a valorant account gold 1 with the gaia‚Äôs vengeance vandal skin all styles also almost all agents unlocked,04/16/2022,0.0,neutral,0,4
Valorant,En,Harryla55,Craic shack,[],@verybigtuna You play valorant?,04/16/2022,0.0,neutral,0,1
Valorant,En,Darkshxt,"Lansing, MI",[],Who‚Äôs all still playing Valorant?,04/16/2022,0.0,neutral,0,1
Valorant,En,fremonymain,"California, USA",[],@DarkZeroGG Name uses to be Fremont but someone misspelled my name in a Valorant unrated so I'm Fremony now,04/16/2022,0.0,neutral,0,0
Valorant,En,semedisx,Poland,[],Easter hiatus from Valorant yay https://t.co/4FX3beD2MZ,04/16/2022,0.0,neutral,0,1
Valorant,En,BrandonRosen21,,[],"Who‚Äôs trying to get wined and dined?!? 

Looking to sign some big time players for Fortnite, Valorant, Apex and Warzone!!! https://t.co/gVTDbqIrHC",04/16/2022,0.0,neutral,0,2
Valorant,En,2CHOIYJBG,19 ; they/them,[],valorant is gonna make me fuck up my exams,04/16/2022,-0.4,negative,0,0
Valorant,En,findingheart1,,[],just broke up with my valorant duo‚Ä¶ @chrase_,04/16/2022,0.0,neutral,0,0
Valorant,En,ThePadsTweet,,[],New Valorant Bundle Coming Soon RGX 2.0 source @ValorLeaks,04/16/2022,0.13636363636363635,positive,0,0
Valorant,En,MNVarsityLeague,Minnesota,['Valorant'],"Irondale is keeping the dream alive at matchpoint! ü§Ø

üî¥  https://t.co/Q7dCjCwwwN | #Valorant https://t.co/0UIo1AgRq4",04/16/2022,0.125,positive,1,3
Valorant,En,EnigmaAMC,"London, UK",[],"Watching @TheGuard v @OpTic in Valorant and my brain keeps trying to be like: 

""You mean LAG v OpTic Texas?"" https://t.co/xGORDjzCxJ",04/16/2022,-0.3125,negative,0,4
Valorant,En,HarryIsLate,Glasgow,[],@amexyl really humbled by 900 valorant players called matt and zach storming the venue floor,04/16/2022,0.2,positive,0,1
Valorant,En,AClassyTurtle,,[],"@CodedProphecy23 In these esports games ppl are not begging for these robust training modes because most times you can learn and get by with just playing. In games like valorant you do not have to learn frame data, combos (Mobas you do but for the post part you just chaining 1 button presses -",04/16/2022,0.5,positive,0,0
Valorant,En,valesports_kr,,['VALORANTMasters'],".@Sayaplayer feeling it!

#VALORANTMasters | üì∫ https://t.co/MDpRTZqCFp https://t.co/PWOcJ8PDTi",04/16/2022,0.0,neutral,1,15
Valorant,En,BlendPlaysCod,,[],@SP0RTSBETTOR @UchihaObito999 @Censor @Nadeshot @BostonBreach @ACHES valorant? cod? halo? mf what you on?üò≠,04/16/2022,0.0,neutral,0,0
Valorant,En,Myluck_09,,"['streamer', 'twitch', 'anime']","TOOK AN L ON VALORANT SO WE WATCHING GINTAMA NOW, COME JOIN!!!!!
#streamer #twitch #anime 
https://t.co/QvqC8SXuy9",04/16/2022,0.0,neutral,0,1
Valorant,En,AlvaroMedranoCa,,[],@ValorLeaks I SAW THIS AND LITERALLY GOT GOOSEBUMPS OMG VALORANT I WILL SUCK YOR DICK,04/16/2022,0.0,neutral,0,0
Valorant,En,NoCappinNate,,[],@ValorLeaks NOW VALORANT GIVING US GOOD BUNDLES,04/16/2022,0.7,positive,0,1
Valorant,En,mizukyie,ba sing se,[],BUT MY RGX PRO BLADE HAVENT ARRIVE IN MY STORE.. why valorant why,04/16/2022,0.0,neutral,0,1
Valorant,En,Gamer1Grown,,[],@ChazaaaTV @Phyerx You got it leaking out of you! Now go play csgo or valorant or whatever you call it.,04/16/2022,0.0,neutral,0,0
Valorant,En,PolloSucio_,Tampa,[],Forget everything I said about valorant. KOF has Rugal so its a better game https://t.co/aqnnQ8lSHl,04/16/2022,0.04999999999999999,positive,1,5
Valorant,En,spirituaIbeing,"Chicago, IL",[],@smurfpiss @eJelIy It‚Äôs funny be use you actually can do actors anims on valorant agents,04/16/2022,0.125,positive,0,1
Valorant,En,melyssawithay,,['VALORANT'],"#VALORANT // LIVE üî¥

alright i've watched enough vct today to know that i can definitely do what they're doing

[ https://t.co/eNYq801zwz ]",04/16/2022,0.04545454545454545,positive,1,3
Valorant,En,ValorLeaks,in a pitt,['VALORANT'],"New Bundle: RGX 11z Pro 2 | #VALORANT 

Includes Phantom, Operator, and a Butterfly Knife Melee.",04/16/2022,0.13636363636363635,positive,4657,55291
Valorant,En,no_viewers,,[],"mxgslol has been streaming VALORANT for 2 minutes and no one's watching them, go say hi and make their day https://t.co/H9WxJpn8H7. Tag your favourite VALORANT streamer.",04/16/2022,0.0,neutral,0,0
Valorant,En,THESPIKEGG,Fracture,['VALORANTMasters'],"First two rounds go to The Guard as we go into Fracture, the final decider map! 

Which team will emerge victorious? 

Current map stats: 
‚öî @TheGuard 2:0 @OpTic ‚öî 
üåê https://t.co/f1pT7Z7Vjc
üåê https://t.co/uBPX2psVGF

#VALORANTMasters https://t.co/yCoyCyZRcg",04/16/2022,0.08333333333333333,positive,1,6
Valorant,En,Obniti383,,"['Valorant', 'Outplayed']",Check out my video! #Valorant | Captured by #Outplayed https://t.co/4pRxrUADDV,04/16/2022,0.0,neutral,0,1
Valorant,En,RevakGoneRogue,,"['smallstreamer', 'twitchtv', 'VALORANT', 'growingcommunity']","Live in 15!! Switching to some Val! Shot at bots all day maybe I‚Äôll go positiveü§∑‚Äç‚ôÇÔ∏è Come hang! https://t.co/SYChRQLdeP
#smallstreamer #twitchtv #VALORANT #growingcommunity",04/16/2022,0.33291903409090906,positive,0,0
Valorant,En,kibihascrashed,OC,['Valorant'],"thanks for the clutch res ;3 #Valorant

üîó https://t.co/Ad589Q7cM3 https://t.co/RapCmaVCBO",04/16/2022,0.2,positive,0,2
Valorant,En,Elia17166672,Schweiz,[],@WayvidFN @taysonFN I dont know valorant rouls,04/16/2022,0.0,neutral,0,0
Valorant,En,CreativeJM_,üéÆ,[],"Playing Valorant for the first time, lets see how it goes ü§£ü§üüèº https://t.co/aQrbQdUN5c",04/16/2022,0.25,positive,0,0
Valorant,En,XycronVA,"Colorado, USA",[],Valorant is just CSGO but gay,04/16/2022,0.4166666666666667,positive,9,180
Valorant,En,AffenP,"Winnipeg, Manitoba",['VALORANTMasters'],"Something people need to respect about TGRD is the way that they play a cerebral style of valorant while running jett/chamber. Many other teams are dropping the jett for more util-heavy options and somehow playing with less util and cohesion

#VALORANTMasters",04/16/2022,0.17708333333333334,positive,0,1
Valorant,En,ilovecapriisun,he/him | üá≤üá©üá∑üá∫üáµüáπ,[],@icantsaveher valorant player actually scare me ong,04/16/2022,0.0,neutral,0,1
Valorant,En,Thehouzittv,,['VALORANT'],"Valorant ranked is a joke XD 

#VALORANT https://t.co/jKwRoaQIgL",04/16/2022,0.0,neutral,0,0
Valorant,En,_esportscenter,,['VALORANT'],"New Agent Name: Fadeüò≥ | #VALORANT
  https://t.co/KUN7G79sUy",04/16/2022,0.13636363636363635,positive,0,4
Valorant,En,AlbertoVarisco2,"Duino-Aurisina, Friuli-Venezia",[],@launders Many maps better than mirage in Valorant,04/16/2022,0.5,positive,0,0
Valorant,En,Maloros12,,[],@ValorLeaks You gon catch the fade on valorant,04/16/2022,0.0,neutral,0,0
Valorant,En,gesports,Brasil,[],"Early Game #103 debate final da LBFF, RMR e Valorant Masters https://t.co/DDMJwmQgmG https://t.co/NMYP04PqZ9",04/16/2022,-0.10000000000000002,negative,0,20
Valorant,En,Catsunx,they/them,[],@ValorLeaks dammit my super follow ran out i cant be degraded by valorant egirls anymore,04/16/2022,0.3333333333333333,positive,0,3
Valorant,En,ValorLeaks,in a pitt,['VALORANT'],New Agent Name: Fade | #VALORANT,04/16/2022,0.13636363636363635,positive,2046,34888
Valorant,En,kinetictz,kinetic#demon,[],"@MoonKiller_VAL ""damn i miss out on a valorant game by doing this essay""",04/16/2022,-0.4,negative,0,6
Valorant,En,finnrider_,he/him,[],"late stream tonight! unsure what i'm doing, since valorant wouldnt download, but i will be doing something üëç",04/16/2022,-0.375,negative,0,4
Valorant,En,blushin_g,,"['valorant', 'valorantclips', 'valorantnoob', 'reynamain']","yeah, valorant... I'm not the best at it and sometimes I wanna uninstall the game but I still enjoy it! 
#valorant #valorantclips #valorantnoob #reynamain https://t.co/jWP8Zj5fZX",04/16/2022,0.3666666666666667,positive,0,2
Valorant,En,Gemehh_,,[],Need more people to run Valorant with Gemehh#ttv,04/16/2022,0.5,positive,0,0
Valorant,En,itsmoonpiee,,['valorant'],"Don‚Äôt drink and play #valorant guys! You might die in the dumbest ways‚Ä¶ check it out and drop a like if you enjoy ü•∞

https://t.co/adpcVuDQ4g https://t.co/hiZZHQvFDR",04/16/2022,0.4,positive,0,0
Valorant,En,dilllyy,"Texas, USA",[],"Playin in low elo val lobbies makes valorant.......

not fun",04/16/2022,-0.075,negative,0,3
Valorant,En,BesaniiBooTTV,"Los Angeles, CA",[],Catch a day stream with my boyfriend and friends playing some Valorant before a fun off stream drinking night! Catch everyone soon!,04/16/2022,0.46875,positive,0,0
Valorant,En,EdtwtKimco,,[],Today was my first time playing valorant ü§ôüèΩü§ôüèΩ someone wanna play with me ?,04/16/2022,0.25,positive,0,2
Valorant,En,realshry,,[],"@sergefps everytime i open valorant i see this, its such a nice feeling ü•π",04/16/2022,0.19999999999999998,positive,0,2
Valorant,En,PumpkinDaYokai,Sova‚Äôs Girl,[],An entire Twitter dedicated to Valorant hands.,04/16/2022,0.0,neutral,2,6
Valorant,En,WHfromWH24,Wherevers not gonna get me hit,[],@HydroParlay Fuck Prizepick Valorant lines. Trent was the only lock. Every damn pick has been off this whole week from all of our research,04/16/2022,-0.06666666666666667,negative,0,0
Valorant,En,ItsJesusPog,"California, USA",[],I HIT IMMORTAL IN VALORANT!!!!! https://t.co/tpcdSxAepG via @YouTube,04/16/2022,0.0,neutral,0,0
Valorant,En,hoboj3k1ns,"Oklahoma, USA",[],I'm so happy to see casters/content creators/analyst from siege move to valorant so much better then what Ubisoft is doing to the community/game/players. Hope to see more people convert over.,04/16/2022,0.6,positive,0,1
Valorant,En,ucuo_,Ireland,[],"@Apply @overwatchleague valorant community sucks but better opportunities for them, excited for their futures https://t.co/5T7AWpSHef",04/16/2022,0.19166666666666665,positive,0,7
Valorant,En,wlyrrr,sal,[],@sleepingaddict9 this valorant shit get serious,04/16/2022,-0.26666666666666666,negative,0,0
Valorant,En,wonyoungcls,16 !¬° cw: 52.6,[],i aced on valorant today,04/16/2022,0.0,neutral,0,3
Valorant,En,lawls99,"Illinois, USA",[],"@TeamSynergy Valorant, apex, maybe fortnite(zero build only) and only stream my gameplay",04/16/2022,0.0,neutral,0,1
Valorant,En,SkylerDFS,Turn on Post Notifications,[],"The last 4 days of Valorant have been absolutely terrible and idk what to say‚Ä¶
Really thought today was gonna be the day it turns around! 
All we can do is move on and hope for a better tomorrow üôè",04/16/2022,-0.0625,negative,0,7
Valorant,En,maplletree,she/her,[],"there is 4x more ppl tweeting about 1 singular character in valorant than ppl talking about the whole game of OW 2
kinda sad https://t.co/AkiLLOfLxE",04/16/2022,-0.05000000000000002,negative,2,24
Valorant,En,Mang0Ebooks,,[],Mang0 axe Wednesday if axe stops ignoring me Valorant grind after Smelling diamond tonight üëÄ.,04/16/2022,0.0,neutral,0,0
Valorant,En,kibihascrashed,OC,['Valorant'],"AVENGING LUNA WITH A BLIND AWP #Valorant

üîó https://t.co/Wv16YAS2r9 https://t.co/01FQIa1rYM",04/16/2022,-0.5,negative,1,8
Valorant,En,servalposting,england | svpst#0001,[],i swear haven c site is the hot zone for clips in valorant,04/16/2022,0.25,positive,0,0
Valorant,En,petitcoeur93,Sainte Anne (hp),[],Fuck valorant,04/16/2022,-0.4,negative,0,1
Valorant,En,czena_juan,,[],@timthetatman @ATT Play Fortnite or Valorant With @Keeoh!,04/16/2022,0.0,neutral,0,0
Valorant,En,acrethedog,,[],"If you haven't already, join my discord server for automatic entry into my giveaways, there's one on now for $20 Valorant Points. I'm drawing the winner this weekend and announcing the next giveaway soon! https://t.co/zQ7JxsYrwQ",04/16/2022,0.0,neutral,1,15
Valorant,En,claymorespears,"Texas, USA",[],"@Zinotsune that was just an early idea for her ult, but I thought it looked just like sovas uot from valorant",04/16/2022,0.1,positive,0,1
Valorant,En,meirthepanda,"Chicago, IL",[],"Playing some Ace Attorney, followed by Valorant after a while!! https://t.co/1QQs0WErpC",04/16/2022,0.0,neutral,0,0
Valorant,En,1LAUFKND,Germany - M√ºnchen,['Valorant'],"Check out this Valorant clip I recorded with https://t.co/hVUI8LVzvE! #Valorant

üîó https://t.co/m6XB4IBzLS",04/16/2022,0.0,neutral,0,0
Valorant,En,Yetee_,"Ottawa, Ontario",[],@Arrrrash It‚Äôs so true like valorant had 3 maps forever and it was still great,04/16/2022,0.575,positive,0,0
Valorant,En,1LAUFKND,Germany - M√ºnchen,['Valorant'],"Check out this Valorant clip I recorded with https://t.co/hVUI8LVzvE! #Valorant

üîó https://t.co/kkLnH8ce1V",04/16/2022,0.0,neutral,0,0
Valorant,En,epitomestv,any/all pronouns,[],@The_Matador_X1 this tweet is pick me valorant boy energy steven,04/16/2022,0.0,neutral,0,1
